<?xml version="1.0" encoding="utf-8" ?>
<kml xmlns="http://www.opengis.net/kml/2.2">
<Document id="root_doc">
<Schema name="HCC_Bus_Stops" id="HCC_Bus_Stops">
	<SimpleField name="stop_id" type="string"></SimpleField>
	<SimpleField name="stop_name" type="string"></SimpleField>
	<SimpleField name="location_type" type="int"></SimpleField>
	<SimpleField name="parent_station" type="string"></SimpleField>
	<SimpleField name="wheelchair_boarding" type="int"></SimpleField>
	<SimpleField name="agency_name" type="string"></SimpleField>
</Schema>
<Folder><name>HCC_Bus_Stops</name>
  <Placemark>
	<ExtendedData><SchemaData schemaUrl="#HCC_Bus_Stops">
		<SimpleData name="stop_id">7000001</SimpleData>
		<SimpleData name="stop_name">Hobart Transit Centre, Liverpool St</SimpleData>
		<SimpleData name="location_type">0</SimpleData>
		<SimpleData name="wheelchair_boarding">0</SimpleData>
		<SimpleData name="agency_name">Department of State Growth</SimpleData>
	</SchemaData></ExtendedData>
      <Point><coordinates>147.323198,-42.884991</coordinates></Point>
  </Placemark>
  <Placemark>
	<ExtendedData><SchemaData schemaUrl="#HCC_Bus_Stops">
		<SimpleData name="stop_id">7000002</SimpleData>
		<SimpleData name="stop_name">Hobart Interchange, Elizabeth St, Stop D3</SimpleData>
		<SimpleData name="location_type">0</SimpleData>
		<SimpleData name="parent_station">place_inthob</SimpleData>
		<SimpleData name="wheelchair_boarding">0</SimpleData>
		<SimpleData name="agency_name">Department of State Growth</SimpleData>
	</SchemaData></ExtendedData>
      <Point><coordinates>147.330441,-42.882868</coordinates></Point>
  </Placemark>
  <Placemark>
	<ExtendedData><SchemaData schemaUrl="#HCC_Bus_Stops">
		<SimpleData name="stop_id">7000003</SimpleData>
		<SimpleData name="stop_name">Government House, Tasman Hwy</SimpleData>
		<SimpleData name="location_type">0</SimpleData>
		<SimpleData name="wheelchair_boarding">0</SimpleData>
		<SimpleData name="agency_name">Department of State Growth</SimpleData>
	</SchemaData></ExtendedData>
      <Point><coordinates>147.335538,-42.867599</coordinates></Point>
  </Placemark>
  <Placemark>
	<ExtendedData><SchemaData schemaUrl="#HCC_Bus_Stops">
		<SimpleData name="stop_id">7000004</SimpleData>
		<SimpleData name="stop_name">Macquarie St after Campbell St</SimpleData>
		<SimpleData name="location_type">0</SimpleData>
		<SimpleData name="wheelchair_boarding">0</SimpleData>
		<SimpleData name="agency_name">Department of State Growth</SimpleData>
	</SchemaData></ExtendedData>
      <Point><coordinates>147.332802,-42.880606</coordinates></Point>
  </Placemark>
  <Placemark>
	<ExtendedData><SchemaData schemaUrl="#HCC_Bus_Stops">
		<SimpleData name="stop_id">7000005</SimpleData>
		<SimpleData name="stop_name">Hobart Interchange, Collins St</SimpleData>
		<SimpleData name="location_type">0</SimpleData>
		<SimpleData name="parent_station">place_inthob</SimpleData>
		<SimpleData name="wheelchair_boarding">0</SimpleData>
		<SimpleData name="agency_name">Department of State Growth</SimpleData>
	</SchemaData></ExtendedData>
      <Point><coordinates>147.329071,-42.882051</coordinates></Point>
  </Placemark>
  <Placemark>
	<ExtendedData><SchemaData schemaUrl="#HCC_Bus_Stops">
		<SimpleData name="stop_id">7000006</SimpleData>
		<SimpleData name="stop_name">Liverpool St opp UTAS</SimpleData>
		<SimpleData name="location_type">0</SimpleData>
		<SimpleData name="wheelchair_boarding">0</SimpleData>
		<SimpleData name="agency_name">Department of State Growth</SimpleData>
	</SchemaData></ExtendedData>
      <Point><coordinates>147.33006,-42.878953</coordinates></Point>
  </Placemark>
  <Placemark>
	<ExtendedData><SchemaData schemaUrl="#HCC_Bus_Stops">
		<SimpleData name="stop_id">7000008</SimpleData>
		<SimpleData name="stop_name">St Mary's College, Harrington St</SimpleData>
		<SimpleData name="location_type">0</SimpleData>
		<SimpleData name="wheelchair_boarding">0</SimpleData>
		<SimpleData name="agency_name">Department of State Growth</SimpleData>
	</SchemaData></ExtendedData>
      <Point><coordinates>147.319955,-42.881147</coordinates></Point>
  </Placemark>
  <Placemark>
	<ExtendedData><SchemaData schemaUrl="#HCC_Bus_Stops">
		<SimpleData name="stop_id">7000009</SimpleData>
		<SimpleData name="stop_name">Elizabeth College, Warwick St</SimpleData>
		<SimpleData name="location_type">0</SimpleData>
		<SimpleData name="wheelchair_boarding">0</SimpleData>
		<SimpleData name="agency_name">Department of State Growth</SimpleData>
	</SchemaData></ExtendedData>
      <Point><coordinates>147.318699,-42.878261</coordinates></Point>
  </Placemark>
  <Placemark>
	<ExtendedData><SchemaData schemaUrl="#HCC_Bus_Stops">
		<SimpleData name="stop_id">7000010</SimpleData>
		<SimpleData name="stop_name">Macquarie St opp St Michael's Collegiate</SimpleData>
		<SimpleData name="location_type">0</SimpleData>
		<SimpleData name="wheelchair_boarding">0</SimpleData>
		<SimpleData name="agency_name">Department of State Growth</SimpleData>
	</SchemaData></ExtendedData>
      <Point><coordinates>147.32295,-42.888287</coordinates></Point>
  </Placemark>
  <Placemark>
	<ExtendedData><SchemaData schemaUrl="#HCC_Bus_Stops">
		<SimpleData name="stop_id">7000011</SimpleData>
		<SimpleData name="stop_name">Davey St opp St Michael's Collegiate</SimpleData>
		<SimpleData name="location_type">0</SimpleData>
		<SimpleData name="wheelchair_boarding">0</SimpleData>
		<SimpleData name="agency_name">Department of State Growth</SimpleData>
	</SchemaData></ExtendedData>
      <Point><coordinates>147.325238,-42.888044</coordinates></Point>
  </Placemark>
  <Placemark>
	<ExtendedData><SchemaData schemaUrl="#HCC_Bus_Stops">
		<SimpleData name="stop_id">7000012</SimpleData>
		<SimpleData name="stop_name">Davey St at Salamanca Pl</SimpleData>
		<SimpleData name="location_type">0</SimpleData>
		<SimpleData name="wheelchair_boarding">0</SimpleData>
		<SimpleData name="agency_name">Department of State Growth</SimpleData>
	</SchemaData></ExtendedData>
      <Point><coordinates>147.328958,-42.885112</coordinates></Point>
  </Placemark>
  <Placemark>
	<ExtendedData><SchemaData schemaUrl="#HCC_Bus_Stops">
		<SimpleData name="stop_id">7000014</SimpleData>
		<SimpleData name="stop_name">Davey St after Molle St</SimpleData>
		<SimpleData name="location_type">0</SimpleData>
		<SimpleData name="wheelchair_boarding">0</SimpleData>
		<SimpleData name="agency_name">Department of State Growth</SimpleData>
	</SchemaData></ExtendedData>
      <Point><coordinates>147.322202,-42.890383</coordinates></Point>
  </Placemark>
  <Placemark>
	<ExtendedData><SchemaData schemaUrl="#HCC_Bus_Stops">
		<SimpleData name="stop_id">7000015</SimpleData>
		<SimpleData name="stop_name">Hobart Interchange, Macquarie St, Stop D1</SimpleData>
		<SimpleData name="location_type">0</SimpleData>
		<SimpleData name="parent_station">place_inthob</SimpleData>
		<SimpleData name="wheelchair_boarding">0</SimpleData>
		<SimpleData name="agency_name">Department of State Growth</SimpleData>
	</SchemaData></ExtendedData>
      <Point><coordinates>147.329563,-42.883363</coordinates></Point>
  </Placemark>
  <Placemark>
	<ExtendedData><SchemaData schemaUrl="#HCC_Bus_Stops">
		<SimpleData name="stop_id">7000016</SimpleData>
		<SimpleData name="stop_name">Hobart Interchange, Macquarie St</SimpleData>
		<SimpleData name="location_type">0</SimpleData>
		<SimpleData name="parent_station">place_inthob</SimpleData>
		<SimpleData name="wheelchair_boarding">0</SimpleData>
		<SimpleData name="agency_name">Department of State Growth</SimpleData>
	</SchemaData></ExtendedData>
      <Point><coordinates>147.328936,-42.88363</coordinates></Point>
  </Placemark>
  <Placemark>
	<ExtendedData><SchemaData schemaUrl="#HCC_Bus_Stops">
		<SimpleData name="stop_id">7000017</SimpleData>
		<SimpleData name="stop_name">Macquarie St after Barrack St</SimpleData>
		<SimpleData name="location_type">0</SimpleData>
		<SimpleData name="wheelchair_boarding">0</SimpleData>
		<SimpleData name="agency_name">Department of State Growth</SimpleData>
	</SchemaData></ExtendedData>
      <Point><coordinates>147.325051,-42.886629</coordinates></Point>
  </Placemark>
  <Placemark>
	<ExtendedData><SchemaData schemaUrl="#HCC_Bus_Stops">
		<SimpleData name="stop_id">7000019</SimpleData>
		<SimpleData name="stop_name">Elizabeth St before McTavish Av</SimpleData>
		<SimpleData name="location_type">0</SimpleData>
		<SimpleData name="wheelchair_boarding">0</SimpleData>
		<SimpleData name="agency_name">Department of State Growth</SimpleData>
	</SchemaData></ExtendedData>
      <Point><coordinates>147.312496,-42.8707</coordinates></Point>
  </Placemark>
  <Placemark>
	<ExtendedData><SchemaData schemaUrl="#HCC_Bus_Stops">
		<SimpleData name="stop_id">7000020</SimpleData>
		<SimpleData name="stop_name">Elizabeth St before Brisbane St</SimpleData>
		<SimpleData name="location_type">0</SimpleData>
		<SimpleData name="wheelchair_boarding">0</SimpleData>
		<SimpleData name="agency_name">Department of State Growth</SimpleData>
	</SchemaData></ExtendedData>
      <Point><coordinates>147.322698,-42.879253</coordinates></Point>
  </Placemark>
  <Placemark>
	<ExtendedData><SchemaData schemaUrl="#HCC_Bus_Stops">
		<SimpleData name="stop_id">7000021</SimpleData>
		<SimpleData name="stop_name">Elizabeth St after Warwick St</SimpleData>
		<SimpleData name="location_type">0</SimpleData>
		<SimpleData name="wheelchair_boarding">0</SimpleData>
		<SimpleData name="agency_name">Department of State Growth</SimpleData>
	</SchemaData></ExtendedData>
      <Point><coordinates>147.320441,-42.878196</coordinates></Point>
  </Placemark>
  <Placemark>
	<ExtendedData><SchemaData schemaUrl="#HCC_Bus_Stops">
		<SimpleData name="stop_id">7000022</SimpleData>
		<SimpleData name="stop_name">North Hobart Shops, Elizabeth St before Strahan St</SimpleData>
		<SimpleData name="location_type">0</SimpleData>
		<SimpleData name="wheelchair_boarding">0</SimpleData>
		<SimpleData name="agency_name">Department of State Growth</SimpleData>
	</SchemaData></ExtendedData>
      <Point><coordinates>147.314767,-42.872425</coordinates></Point>
  </Placemark>
  <Placemark>
	<ExtendedData><SchemaData schemaUrl="#HCC_Bus_Stops">
		<SimpleData name="stop_id">7000023</SimpleData>
		<SimpleData name="stop_name">Elizabeth St at Burnett St</SimpleData>
		<SimpleData name="location_type">0</SimpleData>
		<SimpleData name="wheelchair_boarding">0</SimpleData>
		<SimpleData name="agency_name">Department of State Growth</SimpleData>
	</SchemaData></ExtendedData>
      <Point><coordinates>147.316832,-42.874339</coordinates></Point>
  </Placemark>
  <Placemark>
	<ExtendedData><SchemaData schemaUrl="#HCC_Bus_Stops">
		<SimpleData name="stop_id">7000024</SimpleData>
		<SimpleData name="stop_name">Elizabeth St after Melville St</SimpleData>
		<SimpleData name="location_type">0</SimpleData>
		<SimpleData name="wheelchair_boarding">0</SimpleData>
		<SimpleData name="agency_name">Department of State Growth</SimpleData>
	</SchemaData></ExtendedData>
      <Point><coordinates>147.325078,-42.880283</coordinates></Point>
  </Placemark>
  <Placemark>
	<ExtendedData><SchemaData schemaUrl="#HCC_Bus_Stops">
		<SimpleData name="stop_id">7000025</SimpleData>
		<SimpleData name="stop_name">Elizabeth St opp John St</SimpleData>
		<SimpleData name="location_type">0</SimpleData>
		<SimpleData name="wheelchair_boarding">0</SimpleData>
		<SimpleData name="agency_name">Department of State Growth</SimpleData>
	</SchemaData></ExtendedData>
      <Point><coordinates>147.31843,-42.876268</coordinates></Point>
  </Placemark>
  <Placemark>
	<ExtendedData><SchemaData schemaUrl="#HCC_Bus_Stops">
		<SimpleData name="stop_id">7000026</SimpleData>
		<SimpleData name="stop_name">The Friends' School, Elizabeth St</SimpleData>
		<SimpleData name="location_type">0</SimpleData>
		<SimpleData name="wheelchair_boarding">0</SimpleData>
		<SimpleData name="agency_name">Department of State Growth</SimpleData>
	</SchemaData></ExtendedData>
      <Point><coordinates>147.312028,-42.868625</coordinates></Point>
  </Placemark>
  <Placemark>
	<ExtendedData><SchemaData schemaUrl="#HCC_Bus_Stops">
		<SimpleData name="stop_id">7000027</SimpleData>
		<SimpleData name="stop_name">Elizabeth St before Warwick St</SimpleData>
		<SimpleData name="location_type">0</SimpleData>
		<SimpleData name="wheelchair_boarding">0</SimpleData>
		<SimpleData name="agency_name">Department of State Growth</SimpleData>
	</SchemaData></ExtendedData>
      <Point><coordinates>147.319997,-42.878139</coordinates></Point>
  </Placemark>
  <Placemark>
	<ExtendedData><SchemaData schemaUrl="#HCC_Bus_Stops">
		<SimpleData name="stop_id">7000028</SimpleData>
		<SimpleData name="stop_name">North Hobart Shops, Elizabeth St opp Lefroy St</SimpleData>
		<SimpleData name="location_type">0</SimpleData>
		<SimpleData name="wheelchair_boarding">0</SimpleData>
		<SimpleData name="agency_name">Department of State Growth</SimpleData>
	</SchemaData></ExtendedData>
      <Point><coordinates>147.315463,-42.873337</coordinates></Point>
  </Placemark>
  <Placemark>
	<ExtendedData><SchemaData schemaUrl="#HCC_Bus_Stops">
		<SimpleData name="stop_id">7000029</SimpleData>
		<SimpleData name="stop_name">Elizabeth St after Liverpool St</SimpleData>
		<SimpleData name="location_type">0</SimpleData>
		<SimpleData name="wheelchair_boarding">0</SimpleData>
		<SimpleData name="agency_name">Department of State Growth</SimpleData>
	</SchemaData></ExtendedData>
      <Point><coordinates>147.326464,-42.881094</coordinates></Point>
  </Placemark>
  <Placemark>
	<ExtendedData><SchemaData schemaUrl="#HCC_Bus_Stops">
		<SimpleData name="stop_id">7000030</SimpleData>
		<SimpleData name="stop_name">Hobart Interchange, Elizabeth St, Stop A1</SimpleData>
		<SimpleData name="location_type">0</SimpleData>
		<SimpleData name="parent_station">place_inthob</SimpleData>
		<SimpleData name="wheelchair_boarding">0</SimpleData>
		<SimpleData name="agency_name">Department of State Growth</SimpleData>
	</SchemaData></ExtendedData>
      <Point><coordinates>147.330142,-42.882616</coordinates></Point>
  </Placemark>
  <Placemark>
	<ExtendedData><SchemaData schemaUrl="#HCC_Bus_Stops">
		<SimpleData name="stop_id">7000031</SimpleData>
		<SimpleData name="stop_name">Elizabeth St at Tasma St</SimpleData>
		<SimpleData name="location_type">0</SimpleData>
		<SimpleData name="wheelchair_boarding">0</SimpleData>
		<SimpleData name="agency_name">Department of State Growth</SimpleData>
	</SchemaData></ExtendedData>
      <Point><coordinates>147.318144,-42.876064</coordinates></Point>
  </Placemark>
  <Placemark>
	<ExtendedData><SchemaData schemaUrl="#HCC_Bus_Stops">
		<SimpleData name="stop_id">7000032</SimpleData>
		<SimpleData name="stop_name">Elizabeth St after Brisbane St</SimpleData>
		<SimpleData name="location_type">0</SimpleData>
		<SimpleData name="wheelchair_boarding">0</SimpleData>
		<SimpleData name="agency_name">Department of State Growth</SimpleData>
	</SchemaData></ExtendedData>
      <Point><coordinates>147.322162,-42.87912</coordinates></Point>
  </Placemark>
  <Placemark>
	<ExtendedData><SchemaData schemaUrl="#HCC_Bus_Stops">
		<SimpleData name="stop_id">7000033</SimpleData>
		<SimpleData name="stop_name">Elizabeth St before Burnett St</SimpleData>
		<SimpleData name="location_type">0</SimpleData>
		<SimpleData name="wheelchair_boarding">0</SimpleData>
		<SimpleData name="agency_name">Department of State Growth</SimpleData>
	</SchemaData></ExtendedData>
      <Point><coordinates>147.31739,-42.875103</coordinates></Point>
  </Placemark>
  <Placemark>
	<ExtendedData><SchemaData schemaUrl="#HCC_Bus_Stops">
		<SimpleData name="stop_id">7000034</SimpleData>
		<SimpleData name="stop_name">Elizabeth St before Lyndhurst St</SimpleData>
		<SimpleData name="location_type">0</SimpleData>
		<SimpleData name="wheelchair_boarding">0</SimpleData>
		<SimpleData name="agency_name">Department of State Growth</SimpleData>
	</SchemaData></ExtendedData>
      <Point><coordinates>147.311888,-42.870497</coordinates></Point>
  </Placemark>
  <Placemark>
	<ExtendedData><SchemaData schemaUrl="#HCC_Bus_Stops">
		<SimpleData name="stop_id">7000035</SimpleData>
		<SimpleData name="stop_name">UTAS, Campbell St</SimpleData>
		<SimpleData name="location_type">0</SimpleData>
		<SimpleData name="wheelchair_boarding">0</SimpleData>
		<SimpleData name="agency_name">Department of State Growth</SimpleData>
	</SchemaData></ExtendedData>
      <Point><coordinates>147.329487,-42.878669</coordinates></Point>
  </Placemark>
  <Placemark>
	<ExtendedData><SchemaData schemaUrl="#HCC_Bus_Stops">
		<SimpleData name="stop_id">7000036</SimpleData>
		<SimpleData name="stop_name">Hobart Interchange, Elizabeth St, Stop A2</SimpleData>
		<SimpleData name="location_type">0</SimpleData>
		<SimpleData name="parent_station">place_inthob</SimpleData>
		<SimpleData name="wheelchair_boarding">0</SimpleData>
		<SimpleData name="agency_name">Department of State Growth</SimpleData>
	</SchemaData></ExtendedData>
      <Point><coordinates>147.32989,-42.882534</coordinates></Point>
  </Placemark>
  <Placemark>
	<ExtendedData><SchemaData schemaUrl="#HCC_Bus_Stops">
		<SimpleData name="stop_id">7000038</SimpleData>
		<SimpleData name="stop_name">Campbell St opp Patrick St</SimpleData>
		<SimpleData name="location_type">0</SimpleData>
		<SimpleData name="wheelchair_boarding">0</SimpleData>
		<SimpleData name="agency_name">Department of State Growth</SimpleData>
	</SchemaData></ExtendedData>
      <Point><coordinates>147.325145,-42.875623</coordinates></Point>
  </Placemark>
  <Placemark>
	<ExtendedData><SchemaData schemaUrl="#HCC_Bus_Stops">
		<SimpleData name="stop_id">7000039</SimpleData>
		<SimpleData name="stop_name">Goulburn Street Primary School, Forest Rd</SimpleData>
		<SimpleData name="location_type">0</SimpleData>
		<SimpleData name="wheelchair_boarding">0</SimpleData>
		<SimpleData name="agency_name">Department of State Growth</SimpleData>
	</SchemaData></ExtendedData>
      <Point><coordinates>147.317809,-42.887817</coordinates></Point>
  </Placemark>
  <Placemark>
	<ExtendedData><SchemaData schemaUrl="#HCC_Bus_Stops">
		<SimpleData name="stop_id">7000041</SimpleData>
		<SimpleData name="stop_name">Hobart Interchange, Elizabeth St, Stop B1</SimpleData>
		<SimpleData name="location_type">0</SimpleData>
		<SimpleData name="parent_station">place_inthob</SimpleData>
		<SimpleData name="wheelchair_boarding">0</SimpleData>
		<SimpleData name="agency_name">Department of State Growth</SimpleData>
	</SchemaData></ExtendedData>
      <Point><coordinates>147.329423,-42.882403</coordinates></Point>
  </Placemark>
  <Placemark>
	<ExtendedData><SchemaData schemaUrl="#HCC_Bus_Stops">
		<SimpleData name="stop_id">7000042</SimpleData>
		<SimpleData name="stop_name">Mount Stuart Rd before Elphinstone Rd</SimpleData>
		<SimpleData name="location_type">0</SimpleData>
		<SimpleData name="wheelchair_boarding">0</SimpleData>
		<SimpleData name="agency_name">Department of State Growth</SimpleData>
	</SchemaData></ExtendedData>
      <Point><coordinates>147.310931,-42.872565</coordinates></Point>
  </Placemark>
  <Placemark>
	<ExtendedData><SchemaData schemaUrl="#HCC_Bus_Stops">
		<SimpleData name="stop_id">7000043</SimpleData>
		<SimpleData name="stop_name">Lansdowne Cr opp Lansdowne Crescent Primary School</SimpleData>
		<SimpleData name="location_type">0</SimpleData>
		<SimpleData name="wheelchair_boarding">0</SimpleData>
		<SimpleData name="agency_name">Department of State Growth</SimpleData>
	</SchemaData></ExtendedData>
      <Point><coordinates>147.309785,-42.881347</coordinates></Point>
  </Placemark>
  <Placemark>
	<ExtendedData><SchemaData schemaUrl="#HCC_Bus_Stops">
		<SimpleData name="stop_id">7000044</SimpleData>
		<SimpleData name="stop_name">Liverpool St before Molle St</SimpleData>
		<SimpleData name="location_type">0</SimpleData>
		<SimpleData name="wheelchair_boarding">0</SimpleData>
		<SimpleData name="agency_name">Department of State Growth</SimpleData>
	</SchemaData></ExtendedData>
      <Point><coordinates>147.321192,-42.886852</coordinates></Point>
  </Placemark>
  <Placemark>
	<ExtendedData><SchemaData schemaUrl="#HCC_Bus_Stops">
		<SimpleData name="stop_id">7000045</SimpleData>
		<SimpleData name="stop_name">Forest Rd opp Goulburn Street Primary School</SimpleData>
		<SimpleData name="location_type">0</SimpleData>
		<SimpleData name="wheelchair_boarding">0</SimpleData>
		<SimpleData name="agency_name">Department of State Growth</SimpleData>
	</SchemaData></ExtendedData>
      <Point><coordinates>147.317211,-42.888461</coordinates></Point>
  </Placemark>
  <Placemark>
	<ExtendedData><SchemaData schemaUrl="#HCC_Bus_Stops">
		<SimpleData name="stop_id">7000046</SimpleData>
		<SimpleData name="stop_name">William St at Goulburn St</SimpleData>
		<SimpleData name="location_type">0</SimpleData>
		<SimpleData name="wheelchair_boarding">0</SimpleData>
		<SimpleData name="agency_name">Department of State Growth</SimpleData>
	</SchemaData></ExtendedData>
      <Point><coordinates>147.312729,-42.887015</coordinates></Point>
  </Placemark>
  <Placemark>
	<ExtendedData><SchemaData schemaUrl="#HCC_Bus_Stops">
		<SimpleData name="stop_id">7000047</SimpleData>
		<SimpleData name="stop_name">Mount Stuart Rd after Mellifont St</SimpleData>
		<SimpleData name="location_type">0</SimpleData>
		<SimpleData name="wheelchair_boarding">0</SimpleData>
		<SimpleData name="agency_name">Department of State Growth</SimpleData>
	</SchemaData></ExtendedData>
      <Point><coordinates>147.306684,-42.873864</coordinates></Point>
  </Placemark>
  <Placemark>
	<ExtendedData><SchemaData schemaUrl="#HCC_Bus_Stops">
		<SimpleData name="stop_id">7000048</SimpleData>
		<SimpleData name="stop_name">Burnett St before Argyle St</SimpleData>
		<SimpleData name="location_type">0</SimpleData>
		<SimpleData name="wheelchair_boarding">0</SimpleData>
		<SimpleData name="agency_name">Department of State Growth</SimpleData>
	</SchemaData></ExtendedData>
      <Point><coordinates>147.318059,-42.873991</coordinates></Point>
  </Placemark>
  <Placemark>
	<ExtendedData><SchemaData schemaUrl="#HCC_Bus_Stops">
		<SimpleData name="stop_id">7000049</SimpleData>
		<SimpleData name="stop_name">Elphinstone Rd at Mount Stuart Rd</SimpleData>
		<SimpleData name="location_type">0</SimpleData>
		<SimpleData name="wheelchair_boarding">0</SimpleData>
		<SimpleData name="agency_name">Department of State Growth</SimpleData>
	</SchemaData></ExtendedData>
      <Point><coordinates>147.311742,-42.872472</coordinates></Point>
  </Placemark>
  <Placemark>
	<ExtendedData><SchemaData schemaUrl="#HCC_Bus_Stops">
		<SimpleData name="stop_id">7000050</SimpleData>
		<SimpleData name="stop_name">Collins St before Murray St</SimpleData>
		<SimpleData name="location_type">0</SimpleData>
		<SimpleData name="wheelchair_boarding">0</SimpleData>
		<SimpleData name="agency_name">Department of State Growth</SimpleData>
	</SchemaData></ExtendedData>
      <Point><coordinates>147.326853,-42.88363</coordinates></Point>
  </Placemark>
  <Placemark>
	<ExtendedData><SchemaData schemaUrl="#HCC_Bus_Stops">
		<SimpleData name="stop_id">7000051</SimpleData>
		<SimpleData name="stop_name">Salier Cr after Gordon Av</SimpleData>
		<SimpleData name="location_type">0</SimpleData>
		<SimpleData name="wheelchair_boarding">0</SimpleData>
		<SimpleData name="agency_name">Department of State Growth</SimpleData>
	</SchemaData></ExtendedData>
      <Point><coordinates>147.29821,-42.870001</coordinates></Point>
  </Placemark>
  <Placemark>
	<ExtendedData><SchemaData schemaUrl="#HCC_Bus_Stops">
		<SimpleData name="stop_id">7000053</SimpleData>
		<SimpleData name="stop_name">Liverpool St at Barrack St</SimpleData>
		<SimpleData name="location_type">0</SimpleData>
		<SimpleData name="wheelchair_boarding">0</SimpleData>
		<SimpleData name="agency_name">Department of State Growth</SimpleData>
	</SchemaData></ExtendedData>
      <Point><coordinates>147.322284,-42.885855</coordinates></Point>
  </Placemark>
  <Placemark>
	<ExtendedData><SchemaData schemaUrl="#HCC_Bus_Stops">
		<SimpleData name="stop_id">7000054</SimpleData>
		<SimpleData name="stop_name">Hurst Rd before Mount Stuart Rd</SimpleData>
		<SimpleData name="location_type">0</SimpleData>
		<SimpleData name="wheelchair_boarding">0</SimpleData>
		<SimpleData name="agency_name">Department of State Growth</SimpleData>
	</SchemaData></ExtendedData>
      <Point><coordinates>147.302519,-42.872579</coordinates></Point>
  </Placemark>
  <Placemark>
	<ExtendedData><SchemaData schemaUrl="#HCC_Bus_Stops">
		<SimpleData name="stop_id">7000055</SimpleData>
		<SimpleData name="stop_name">Arthur St before Crombie Lane</SimpleData>
		<SimpleData name="location_type">0</SimpleData>
		<SimpleData name="wheelchair_boarding">0</SimpleData>
		<SimpleData name="agency_name">Department of State Growth</SimpleData>
	</SchemaData></ExtendedData>
      <Point><coordinates>147.312222,-42.87598</coordinates></Point>
  </Placemark>
  <Placemark>
	<ExtendedData><SchemaData schemaUrl="#HCC_Bus_Stops">
		<SimpleData name="stop_id">7000056</SimpleData>
		<SimpleData name="stop_name">Mount Stuart Rd at Mellifont Rd</SimpleData>
		<SimpleData name="location_type">0</SimpleData>
		<SimpleData name="wheelchair_boarding">0</SimpleData>
		<SimpleData name="agency_name">Department of State Growth</SimpleData>
	</SchemaData></ExtendedData>
      <Point><coordinates>147.306346,-42.874155</coordinates></Point>
  </Placemark>
  <Placemark>
	<ExtendedData><SchemaData schemaUrl="#HCC_Bus_Stops">
		<SimpleData name="stop_id">7000057</SimpleData>
		<SimpleData name="stop_name">Newdegate St after Lochner St</SimpleData>
		<SimpleData name="location_type">0</SimpleData>
		<SimpleData name="wheelchair_boarding">0</SimpleData>
		<SimpleData name="agency_name">Department of State Growth</SimpleData>
	</SchemaData></ExtendedData>
      <Point><coordinates>147.310366,-42.875346</coordinates></Point>
  </Placemark>
  <Placemark>
	<ExtendedData><SchemaData schemaUrl="#HCC_Bus_Stops">
		<SimpleData name="stop_id">7000058</SimpleData>
		<SimpleData name="stop_name">Lochner St at Newdegate St</SimpleData>
		<SimpleData name="location_type">0</SimpleData>
		<SimpleData name="wheelchair_boarding">0</SimpleData>
		<SimpleData name="agency_name">Department of State Growth</SimpleData>
	</SchemaData></ExtendedData>
      <Point><coordinates>147.310897,-42.875287</coordinates></Point>
  </Placemark>
  <Placemark>
	<ExtendedData><SchemaData schemaUrl="#HCC_Bus_Stops">
		<SimpleData name="stop_id">7000060</SimpleData>
		<SimpleData name="stop_name">Hobart Interchange, Liverpool St, Stop L1</SimpleData>
		<SimpleData name="location_type">0</SimpleData>
		<SimpleData name="parent_station">place_inthob</SimpleData>
		<SimpleData name="wheelchair_boarding">0</SimpleData>
		<SimpleData name="agency_name">Department of State Growth</SimpleData>
	</SchemaData></ExtendedData>
      <Point><coordinates>147.327454,-42.881158</coordinates></Point>
  </Placemark>
  <Placemark>
	<ExtendedData><SchemaData schemaUrl="#HCC_Bus_Stops">
		<SimpleData name="stop_id">7000061</SimpleData>
		<SimpleData name="stop_name">Argyle St opp Royal Hobart Hospital</SimpleData>
		<SimpleData name="location_type">0</SimpleData>
		<SimpleData name="wheelchair_boarding">0</SimpleData>
		<SimpleData name="agency_name">Department of State Growth</SimpleData>
	</SchemaData></ExtendedData>
      <Point><coordinates>147.327939,-42.87989</coordinates></Point>
  </Placemark>
  <Placemark>
	<ExtendedData><SchemaData schemaUrl="#HCC_Bus_Stops">
		<SimpleData name="stop_id">7000062</SimpleData>
		<SimpleData name="stop_name">Forest Rd opp William St</SimpleData>
		<SimpleData name="location_type">0</SimpleData>
		<SimpleData name="wheelchair_boarding">0</SimpleData>
		<SimpleData name="agency_name">Department of State Growth</SimpleData>
	</SchemaData></ExtendedData>
      <Point><coordinates>147.314423,-42.889157</coordinates></Point>
  </Placemark>
  <Placemark>
	<ExtendedData><SchemaData schemaUrl="#HCC_Bus_Stops">
		<SimpleData name="stop_id">7000063</SimpleData>
		<SimpleData name="stop_name">Federal St after Elizabeth St</SimpleData>
		<SimpleData name="location_type">0</SimpleData>
		<SimpleData name="wheelchair_boarding">0</SimpleData>
		<SimpleData name="agency_name">Department of State Growth</SimpleData>
	</SchemaData></ExtendedData>
      <Point><coordinates>147.315242,-42.871425</coordinates></Point>
  </Placemark>
  <Placemark>
	<ExtendedData><SchemaData schemaUrl="#HCC_Bus_Stops">
		<SimpleData name="stop_id">7000064</SimpleData>
		<SimpleData name="stop_name">Federal St before Elizabeth St</SimpleData>
		<SimpleData name="location_type">0</SimpleData>
		<SimpleData name="wheelchair_boarding">0</SimpleData>
		<SimpleData name="agency_name">Department of State Growth</SimpleData>
	</SchemaData></ExtendedData>
      <Point><coordinates>147.314863,-42.871767</coordinates></Point>
  </Placemark>
  <Placemark>
	<ExtendedData><SchemaData schemaUrl="#HCC_Bus_Stops">
		<SimpleData name="stop_id">7000065</SimpleData>
		<SimpleData name="stop_name">Lansdowne Crescent Primary School, Lansdowne Cr</SimpleData>
		<SimpleData name="location_type">0</SimpleData>
		<SimpleData name="wheelchair_boarding">0</SimpleData>
		<SimpleData name="agency_name">Department of State Growth</SimpleData>
	</SchemaData></ExtendedData>
      <Point><coordinates>147.309614,-42.881499</coordinates></Point>
  </Placemark>
  <Placemark>
	<ExtendedData><SchemaData schemaUrl="#HCC_Bus_Stops">
		<SimpleData name="stop_id">7000066</SimpleData>
		<SimpleData name="stop_name">Lansdowne Cr before Hill St</SimpleData>
		<SimpleData name="location_type">0</SimpleData>
		<SimpleData name="wheelchair_boarding">0</SimpleData>
		<SimpleData name="agency_name">Department of State Growth</SimpleData>
	</SchemaData></ExtendedData>
      <Point><coordinates>147.310859,-42.879764</coordinates></Point>
  </Placemark>
  <Placemark>
	<ExtendedData><SchemaData schemaUrl="#HCC_Bus_Stops">
		<SimpleData name="stop_id">7000067</SimpleData>
		<SimpleData name="stop_name">Lansdowne Cr after Hill St</SimpleData>
		<SimpleData name="location_type">0</SimpleData>
		<SimpleData name="wheelchair_boarding">0</SimpleData>
		<SimpleData name="agency_name">Department of State Growth</SimpleData>
	</SchemaData></ExtendedData>
      <Point><coordinates>147.310782,-42.879945</coordinates></Point>
  </Placemark>
  <Placemark>
	<ExtendedData><SchemaData schemaUrl="#HCC_Bus_Stops">
		<SimpleData name="stop_id">7000068</SimpleData>
		<SimpleData name="stop_name">Hill St before Hamilton St</SimpleData>
		<SimpleData name="location_type">0</SimpleData>
		<SimpleData name="wheelchair_boarding">0</SimpleData>
		<SimpleData name="agency_name">Department of State Growth</SimpleData>
	</SchemaData></ExtendedData>
      <Point><coordinates>147.310193,-42.878218</coordinates></Point>
  </Placemark>
  <Placemark>
	<ExtendedData><SchemaData schemaUrl="#HCC_Bus_Stops">
		<SimpleData name="stop_id">7000069</SimpleData>
		<SimpleData name="stop_name">Raymont Tce at Byard St</SimpleData>
		<SimpleData name="location_type">0</SimpleData>
		<SimpleData name="wheelchair_boarding">0</SimpleData>
		<SimpleData name="agency_name">Department of State Growth</SimpleData>
	</SchemaData></ExtendedData>
      <Point><coordinates>147.3044,-42.872458</coordinates></Point>
  </Placemark>
  <Placemark>
	<ExtendedData><SchemaData schemaUrl="#HCC_Bus_Stops">
		<SimpleData name="stop_id">7000070</SimpleData>
		<SimpleData name="stop_name">Raymont Tce after Byard St</SimpleData>
		<SimpleData name="location_type">0</SimpleData>
		<SimpleData name="wheelchair_boarding">0</SimpleData>
		<SimpleData name="agency_name">Department of State Growth</SimpleData>
	</SchemaData></ExtendedData>
      <Point><coordinates>147.30409,-42.872494</coordinates></Point>
  </Placemark>
  <Placemark>
	<ExtendedData><SchemaData schemaUrl="#HCC_Bus_Stops">
		<SimpleData name="stop_id">7000071</SimpleData>
		<SimpleData name="stop_name">Gordon Av after Benjafield Tce</SimpleData>
		<SimpleData name="location_type">0</SimpleData>
		<SimpleData name="wheelchair_boarding">0</SimpleData>
		<SimpleData name="agency_name">Department of State Growth</SimpleData>
	</SchemaData></ExtendedData>
      <Point><coordinates>147.304221,-42.870877</coordinates></Point>
  </Placemark>
  <Placemark>
	<ExtendedData><SchemaData schemaUrl="#HCC_Bus_Stops">
		<SimpleData name="stop_id">7000072</SimpleData>
		<SimpleData name="stop_name">Gordon Av before Darling Pde</SimpleData>
		<SimpleData name="location_type">0</SimpleData>
		<SimpleData name="wheelchair_boarding">0</SimpleData>
		<SimpleData name="agency_name">Department of State Growth</SimpleData>
	</SchemaData></ExtendedData>
      <Point><coordinates>147.305313,-42.871399</coordinates></Point>
  </Placemark>
  <Placemark>
	<ExtendedData><SchemaData schemaUrl="#HCC_Bus_Stops">
		<SimpleData name="stop_id">7000073</SimpleData>
		<SimpleData name="stop_name">Cavell St after Bathurst St</SimpleData>
		<SimpleData name="location_type">0</SimpleData>
		<SimpleData name="wheelchair_boarding">0</SimpleData>
		<SimpleData name="agency_name">Department of State Growth</SimpleData>
	</SchemaData></ExtendedData>
      <Point><coordinates>147.313918,-42.886629</coordinates></Point>
  </Placemark>
  <Placemark>
	<ExtendedData><SchemaData schemaUrl="#HCC_Bus_Stops">
		<SimpleData name="stop_id">7000074</SimpleData>
		<SimpleData name="stop_name">Cavell St before Hill St</SimpleData>
		<SimpleData name="location_type">0</SimpleData>
		<SimpleData name="wheelchair_boarding">0</SimpleData>
		<SimpleData name="agency_name">Department of State Growth</SimpleData>
	</SchemaData></ExtendedData>
      <Point><coordinates>147.316017,-42.885444</coordinates></Point>
  </Placemark>
  <Placemark>
	<ExtendedData><SchemaData schemaUrl="#HCC_Bus_Stops">
		<SimpleData name="stop_id">7000075</SimpleData>
		<SimpleData name="stop_name">Mount Stuart Rd opp Byard St</SimpleData>
		<SimpleData name="location_type">0</SimpleData>
		<SimpleData name="wheelchair_boarding">0</SimpleData>
		<SimpleData name="agency_name">Department of State Growth</SimpleData>
	</SchemaData></ExtendedData>
      <Point><coordinates>147.304082,-42.87376</coordinates></Point>
  </Placemark>
  <Placemark>
	<ExtendedData><SchemaData schemaUrl="#HCC_Bus_Stops">
		<SimpleData name="stop_id">7000076</SimpleData>
		<SimpleData name="stop_name">Hill St before Lansdowne Cr</SimpleData>
		<SimpleData name="location_type">0</SimpleData>
		<SimpleData name="wheelchair_boarding">0</SimpleData>
		<SimpleData name="agency_name">Department of State Growth</SimpleData>
	</SchemaData></ExtendedData>
      <Point><coordinates>147.315067,-42.883997</coordinates></Point>
  </Placemark>
  <Placemark>
	<ExtendedData><SchemaData schemaUrl="#HCC_Bus_Stops">
		<SimpleData name="stop_id">7000077</SimpleData>
		<SimpleData name="stop_name">Lansdowne Cr opp Patrick St</SimpleData>
		<SimpleData name="location_type">0</SimpleData>
		<SimpleData name="wheelchair_boarding">0</SimpleData>
		<SimpleData name="agency_name">Department of State Growth</SimpleData>
	</SchemaData></ExtendedData>
      <Point><coordinates>147.314513,-42.883807</coordinates></Point>
  </Placemark>
  <Placemark>
	<ExtendedData><SchemaData schemaUrl="#HCC_Bus_Stops">
		<SimpleData name="stop_id">7000078</SimpleData>
		<SimpleData name="stop_name">Mount Stuart Rd at Hurst Rd</SimpleData>
		<SimpleData name="location_type">0</SimpleData>
		<SimpleData name="wheelchair_boarding">0</SimpleData>
		<SimpleData name="agency_name">Department of State Growth</SimpleData>
	</SchemaData></ExtendedData>
      <Point><coordinates>147.301946,-42.873119</coordinates></Point>
  </Placemark>
  <Placemark>
	<ExtendedData><SchemaData schemaUrl="#HCC_Bus_Stops">
		<SimpleData name="stop_id">7000079</SimpleData>
		<SimpleData name="stop_name">Mount Stuart Rd at Hooper Cr</SimpleData>
		<SimpleData name="location_type">0</SimpleData>
		<SimpleData name="wheelchair_boarding">0</SimpleData>
		<SimpleData name="agency_name">Department of State Growth</SimpleData>
	</SchemaData></ExtendedData>
      <Point><coordinates>147.302802,-42.873347</coordinates></Point>
  </Placemark>
  <Placemark>
	<ExtendedData><SchemaData schemaUrl="#HCC_Bus_Stops">
		<SimpleData name="stop_id">7000080</SimpleData>
		<SimpleData name="stop_name">Mount Stuart Rd opp Esk Av</SimpleData>
		<SimpleData name="location_type">0</SimpleData>
		<SimpleData name="wheelchair_boarding">0</SimpleData>
		<SimpleData name="agency_name">Department of State Growth</SimpleData>
	</SchemaData></ExtendedData>
      <Point><coordinates>147.300207,-42.873555</coordinates></Point>
  </Placemark>
  <Placemark>
	<ExtendedData><SchemaData schemaUrl="#HCC_Bus_Stops">
		<SimpleData name="stop_id">7000081</SimpleData>
		<SimpleData name="stop_name">Lansdowne Cr opp Bonnington Rd</SimpleData>
		<SimpleData name="location_type">0</SimpleData>
		<SimpleData name="wheelchair_boarding">0</SimpleData>
		<SimpleData name="agency_name">Department of State Growth</SimpleData>
	</SchemaData></ExtendedData>
      <Point><coordinates>147.312032,-42.883987</coordinates></Point>
  </Placemark>
  <Placemark>
	<ExtendedData><SchemaData schemaUrl="#HCC_Bus_Stops">
		<SimpleData name="stop_id">7000082</SimpleData>
		<SimpleData name="stop_name">Mount Stuart Rd after Esk Av</SimpleData>
		<SimpleData name="location_type">0</SimpleData>
		<SimpleData name="wheelchair_boarding">0</SimpleData>
		<SimpleData name="agency_name">Department of State Growth</SimpleData>
	</SchemaData></ExtendedData>
      <Point><coordinates>147.300437,-42.873358</coordinates></Point>
  </Placemark>
  <Placemark>
	<ExtendedData><SchemaData schemaUrl="#HCC_Bus_Stops">
		<SimpleData name="stop_id">7000083</SimpleData>
		<SimpleData name="stop_name">Lansdowne Cr at Poets Rd</SimpleData>
		<SimpleData name="location_type">0</SimpleData>
		<SimpleData name="wheelchair_boarding">0</SimpleData>
		<SimpleData name="agency_name">Department of State Growth</SimpleData>
	</SchemaData></ExtendedData>
      <Point><coordinates>147.31179,-42.884061</coordinates></Point>
  </Placemark>
  <Placemark>
	<ExtendedData><SchemaData schemaUrl="#HCC_Bus_Stops">
		<SimpleData name="stop_id">7000084</SimpleData>
		<SimpleData name="stop_name">Mount Stuart Rd at Weerona Av</SimpleData>
		<SimpleData name="location_type">0</SimpleData>
		<SimpleData name="wheelchair_boarding">0</SimpleData>
		<SimpleData name="agency_name">Department of State Growth</SimpleData>
	</SchemaData></ExtendedData>
      <Point><coordinates>147.298759,-42.873818</coordinates></Point>
  </Placemark>
  <Placemark>
	<ExtendedData><SchemaData schemaUrl="#HCC_Bus_Stops">
		<SimpleData name="stop_id">7000085</SimpleData>
		<SimpleData name="stop_name">Lansdowne Cr at Warwick St</SimpleData>
		<SimpleData name="location_type">0</SimpleData>
		<SimpleData name="wheelchair_boarding">0</SimpleData>
		<SimpleData name="agency_name">Department of State Growth</SimpleData>
	</SchemaData></ExtendedData>
      <Point><coordinates>147.310135,-42.882866</coordinates></Point>
  </Placemark>
  <Placemark>
	<ExtendedData><SchemaData schemaUrl="#HCC_Bus_Stops">
		<SimpleData name="stop_id">7000086</SimpleData>
		<SimpleData name="stop_name">Liverpool St after Murray St</SimpleData>
		<SimpleData name="location_type">0</SimpleData>
		<SimpleData name="wheelchair_boarding">0</SimpleData>
		<SimpleData name="agency_name">Department of State Growth</SimpleData>
	</SchemaData></ExtendedData>
      <Point><coordinates>147.325585,-42.882869</coordinates></Point>
  </Placemark>
  <Placemark>
	<ExtendedData><SchemaData schemaUrl="#HCC_Bus_Stops">
		<SimpleData name="stop_id">7000087</SimpleData>
		<SimpleData name="stop_name">Davey St after Murray St</SimpleData>
		<SimpleData name="location_type">0</SimpleData>
		<SimpleData name="wheelchair_boarding">0</SimpleData>
		<SimpleData name="agency_name">Department of State Growth</SimpleData>
	</SchemaData></ExtendedData>
      <Point><coordinates>147.329308,-42.884831</coordinates></Point>
  </Placemark>
  <Placemark>
	<ExtendedData><SchemaData schemaUrl="#HCC_Bus_Stops">
		<SimpleData name="stop_id">7000089</SimpleData>
		<SimpleData name="stop_name">Elizabeth St before Bathurst St</SimpleData>
		<SimpleData name="location_type">0</SimpleData>
		<SimpleData name="wheelchair_boarding">0</SimpleData>
		<SimpleData name="agency_name">Department of State Growth</SimpleData>
	</SchemaData></ExtendedData>
      <Point><coordinates>147.326199,-42.88097</coordinates></Point>
  </Placemark>
  <Placemark>
	<ExtendedData><SchemaData schemaUrl="#HCC_Bus_Stops">
		<SimpleData name="stop_id">7000090</SimpleData>
		<SimpleData name="stop_name">Mellifont St opp Friends Park</SimpleData>
		<SimpleData name="location_type">0</SimpleData>
		<SimpleData name="wheelchair_boarding">0</SimpleData>
		<SimpleData name="agency_name">Department of State Growth</SimpleData>
	</SchemaData></ExtendedData>
      <Point><coordinates>147.30789,-42.877014</coordinates></Point>
  </Placemark>
  <Placemark>
	<ExtendedData><SchemaData schemaUrl="#HCC_Bus_Stops">
		<SimpleData name="stop_id">7000091</SimpleData>
		<SimpleData name="stop_name">Gordon Av after Montagu St</SimpleData>
		<SimpleData name="location_type">0</SimpleData>
		<SimpleData name="wheelchair_boarding">0</SimpleData>
		<SimpleData name="agency_name">Department of State Growth</SimpleData>
	</SchemaData></ExtendedData>
      <Point><coordinates>147.301357,-42.870193</coordinates></Point>
  </Placemark>
  <Placemark>
	<ExtendedData><SchemaData schemaUrl="#HCC_Bus_Stops">
		<SimpleData name="stop_id">7000092</SimpleData>
		<SimpleData name="stop_name">Gordon Av before Montagu St</SimpleData>
		<SimpleData name="location_type">0</SimpleData>
		<SimpleData name="wheelchair_boarding">0</SimpleData>
		<SimpleData name="agency_name">Department of State Growth</SimpleData>
	</SchemaData></ExtendedData>
      <Point><coordinates>147.301466,-42.870101</coordinates></Point>
  </Placemark>
  <Placemark>
	<ExtendedData><SchemaData schemaUrl="#HCC_Bus_Stops">
		<SimpleData name="stop_id">7000093</SimpleData>
		<SimpleData name="stop_name">Campbell St after Brisbane St</SimpleData>
		<SimpleData name="location_type">0</SimpleData>
		<SimpleData name="wheelchair_boarding">0</SimpleData>
		<SimpleData name="agency_name">Department of State Growth</SimpleData>
	</SchemaData></ExtendedData>
      <Point><coordinates>147.327509,-42.877292</coordinates></Point>
  </Placemark>
  <Placemark>
	<ExtendedData><SchemaData schemaUrl="#HCC_Bus_Stops">
		<SimpleData name="stop_id">7000094</SimpleData>
		<SimpleData name="stop_name">Argyle St after Brisbane St</SimpleData>
		<SimpleData name="location_type">0</SimpleData>
		<SimpleData name="wheelchair_boarding">0</SimpleData>
		<SimpleData name="agency_name">Department of State Growth</SimpleData>
	</SchemaData></ExtendedData>
      <Point><coordinates>147.3249,-42.877704</coordinates></Point>
  </Placemark>
  <Placemark>
	<ExtendedData><SchemaData schemaUrl="#HCC_Bus_Stops">
		<SimpleData name="stop_id">7000095</SimpleData>
		<SimpleData name="stop_name">St David's Park, Sandy Bay Rd</SimpleData>
		<SimpleData name="location_type">0</SimpleData>
		<SimpleData name="wheelchair_boarding">0</SimpleData>
		<SimpleData name="agency_name">Department of State Growth</SimpleData>
	</SchemaData></ExtendedData>
      <Point><coordinates>147.328283,-42.886731</coordinates></Point>
  </Placemark>
  <Placemark>
	<ExtendedData><SchemaData schemaUrl="#HCC_Bus_Stops">
		<SimpleData name="stop_id">7000096</SimpleData>
		<SimpleData name="stop_name">Sandy Bay Rd opp St David's Park</SimpleData>
		<SimpleData name="location_type">0</SimpleData>
		<SimpleData name="wheelchair_boarding">0</SimpleData>
		<SimpleData name="agency_name">Department of State Growth</SimpleData>
	</SchemaData></ExtendedData>
      <Point><coordinates>147.328442,-42.887001</coordinates></Point>
  </Placemark>
  <Placemark>
	<ExtendedData><SchemaData schemaUrl="#HCC_Bus_Stops">
		<SimpleData name="stop_id">7000097</SimpleData>
		<SimpleData name="stop_name">Argyle St after Patrick St</SimpleData>
		<SimpleData name="location_type">0</SimpleData>
		<SimpleData name="wheelchair_boarding">0</SimpleData>
		<SimpleData name="agency_name">Department of State Growth</SimpleData>
	</SchemaData></ExtendedData>
      <Point><coordinates>147.32335,-42.876615</coordinates></Point>
  </Placemark>
  <Placemark>
	<ExtendedData><SchemaData schemaUrl="#HCC_Bus_Stops">
		<SimpleData name="stop_id">7000098</SimpleData>
		<SimpleData name="stop_name">North Hobart Oval, Argyle St</SimpleData>
		<SimpleData name="location_type">0</SimpleData>
		<SimpleData name="wheelchair_boarding">0</SimpleData>
		<SimpleData name="agency_name">Department of State Growth</SimpleData>
	</SchemaData></ExtendedData>
      <Point><coordinates>147.315173,-42.868677</coordinates></Point>
  </Placemark>
  <Placemark>
	<ExtendedData><SchemaData schemaUrl="#HCC_Bus_Stops">
		<SimpleData name="stop_id">7000099</SimpleData>
		<SimpleData name="stop_name">Frederick St at Forest Rd</SimpleData>
		<SimpleData name="location_type">0</SimpleData>
		<SimpleData name="wheelchair_boarding">0</SimpleData>
		<SimpleData name="agency_name">Department of State Growth</SimpleData>
	</SchemaData></ExtendedData>
      <Point><coordinates>147.314982,-42.888834</coordinates></Point>
  </Placemark>
  <Placemark>
	<ExtendedData><SchemaData schemaUrl="#HCC_Bus_Stops">
		<SimpleData name="stop_id">7000100</SimpleData>
		<SimpleData name="stop_name">Argyle St at Yardley St</SimpleData>
		<SimpleData name="location_type">0</SimpleData>
		<SimpleData name="wheelchair_boarding">0</SimpleData>
		<SimpleData name="agency_name">Department of State Growth</SimpleData>
	</SchemaData></ExtendedData>
      <Point><coordinates>147.315536,-42.869549</coordinates></Point>
  </Placemark>
  <Placemark>
	<ExtendedData><SchemaData schemaUrl="#HCC_Bus_Stops">
		<SimpleData name="stop_id">7000101</SimpleData>
		<SimpleData name="stop_name">Goulburn St after Molle St</SimpleData>
		<SimpleData name="location_type">0</SimpleData>
		<SimpleData name="wheelchair_boarding">0</SimpleData>
		<SimpleData name="agency_name">Department of State Growth</SimpleData>
	</SchemaData></ExtendedData>
      <Point><coordinates>147.31924,-42.886863</coordinates></Point>
  </Placemark>
  <Placemark>
	<ExtendedData><SchemaData schemaUrl="#HCC_Bus_Stops">
		<SimpleData name="stop_id">7000102</SimpleData>
		<SimpleData name="stop_name">Argyle St opp North Hobart Oval</SimpleData>
		<SimpleData name="location_type">0</SimpleData>
		<SimpleData name="wheelchair_boarding">0</SimpleData>
		<SimpleData name="agency_name">Department of State Growth</SimpleData>
	</SchemaData></ExtendedData>
      <Point><coordinates>147.31435,-42.867687</coordinates></Point>
  </Placemark>
  <Placemark>
	<ExtendedData><SchemaData schemaUrl="#HCC_Bus_Stops">
		<SimpleData name="stop_id">7000103</SimpleData>
		<SimpleData name="stop_name">Goulburn St before Molle St</SimpleData>
		<SimpleData name="location_type">0</SimpleData>
		<SimpleData name="wheelchair_boarding">0</SimpleData>
		<SimpleData name="agency_name">Department of State Growth</SimpleData>
	</SchemaData></ExtendedData>
      <Point><coordinates>147.319195,-42.886718</coordinates></Point>
  </Placemark>
  <Placemark>
	<ExtendedData><SchemaData schemaUrl="#HCC_Bus_Stops">
		<SimpleData name="stop_id">7000104</SimpleData>
		<SimpleData name="stop_name">Hobart Interchange, Elizabeth St, Stop A3</SimpleData>
		<SimpleData name="location_type">0</SimpleData>
		<SimpleData name="parent_station">place_inthob</SimpleData>
		<SimpleData name="wheelchair_boarding">0</SimpleData>
		<SimpleData name="agency_name">Department of State Growth</SimpleData>
	</SchemaData></ExtendedData>
      <Point><coordinates>147.329419,-42.882289</coordinates></Point>
  </Placemark>
  <Placemark>
	<ExtendedData><SchemaData schemaUrl="#HCC_Bus_Stops">
		<SimpleData name="stop_id">7000106</SimpleData>
		<SimpleData name="stop_name">Hobart Interchange, Macquarie St, Stop D2</SimpleData>
		<SimpleData name="location_type">0</SimpleData>
		<SimpleData name="parent_station">place_inthob</SimpleData>
		<SimpleData name="wheelchair_boarding">0</SimpleData>
		<SimpleData name="agency_name">Department of State Growth</SimpleData>
	</SchemaData></ExtendedData>
      <Point><coordinates>147.330099,-42.883025</coordinates></Point>
  </Placemark>
  <Placemark>
	<ExtendedData><SchemaData schemaUrl="#HCC_Bus_Stops">
		<SimpleData name="stop_id">7000107</SimpleData>
		<SimpleData name="stop_name">Argyle St after Tasma St</SimpleData>
		<SimpleData name="location_type">0</SimpleData>
		<SimpleData name="wheelchair_boarding">0</SimpleData>
		<SimpleData name="agency_name">Department of State Growth</SimpleData>
	</SchemaData></ExtendedData>
      <Point><coordinates>147.320254,-42.874409</coordinates></Point>
  </Placemark>
  <Placemark>
	<ExtendedData><SchemaData schemaUrl="#HCC_Bus_Stops">
		<SimpleData name="stop_id">7000108</SimpleData>
		<SimpleData name="stop_name">Campbell Street Primary School, Campbell St</SimpleData>
		<SimpleData name="location_type">0</SimpleData>
		<SimpleData name="wheelchair_boarding">0</SimpleData>
		<SimpleData name="agency_name">Department of State Growth</SimpleData>
	</SchemaData></ExtendedData>
      <Point><coordinates>147.322706,-42.873876</coordinates></Point>
  </Placemark>
  <Placemark>
	<ExtendedData><SchemaData schemaUrl="#HCC_Bus_Stops">
		<SimpleData name="stop_id">7000109</SimpleData>
		<SimpleData name="stop_name">Soundy Park, Argyle St</SimpleData>
		<SimpleData name="location_type">0</SimpleData>
		<SimpleData name="wheelchair_boarding">0</SimpleData>
		<SimpleData name="agency_name">Department of State Growth</SimpleData>
	</SchemaData></ExtendedData>
      <Point><coordinates>147.318786,-42.872914</coordinates></Point>
  </Placemark>
  <Placemark>
	<ExtendedData><SchemaData schemaUrl="#HCC_Bus_Stops">
		<SimpleData name="stop_id">7000110</SimpleData>
		<SimpleData name="stop_name">Barrack St after Liverpool St</SimpleData>
		<SimpleData name="location_type">0</SimpleData>
		<SimpleData name="wheelchair_boarding">0</SimpleData>
		<SimpleData name="agency_name">Department of State Growth</SimpleData>
	</SchemaData></ExtendedData>
      <Point><coordinates>147.322888,-42.885813</coordinates></Point>
  </Placemark>
  <Placemark>
	<ExtendedData><SchemaData schemaUrl="#HCC_Bus_Stops">
		<SimpleData name="stop_id">7000111</SimpleData>
		<SimpleData name="stop_name">Argyle St before Federal St</SimpleData>
		<SimpleData name="location_type">0</SimpleData>
		<SimpleData name="wheelchair_boarding">0</SimpleData>
		<SimpleData name="agency_name">Department of State Growth</SimpleData>
	</SchemaData></ExtendedData>
      <Point><coordinates>147.316791,-42.871135</coordinates></Point>
  </Placemark>
  <Placemark>
	<ExtendedData><SchemaData schemaUrl="#HCC_Bus_Stops">
		<SimpleData name="stop_id">7000112</SimpleData>
		<SimpleData name="stop_name">Argyle St after Yardley St</SimpleData>
		<SimpleData name="location_type">0</SimpleData>
		<SimpleData name="wheelchair_boarding">0</SimpleData>
		<SimpleData name="agency_name">Department of State Growth</SimpleData>
	</SchemaData></ExtendedData>
      <Point><coordinates>147.316465,-42.870561</coordinates></Point>
  </Placemark>
  <Placemark>
	<ExtendedData><SchemaData schemaUrl="#HCC_Bus_Stops">
		<SimpleData name="stop_id">7000113</SimpleData>
		<SimpleData name="stop_name">Burnett St before Elizabeth St</SimpleData>
		<SimpleData name="location_type">0</SimpleData>
		<SimpleData name="wheelchair_boarding">0</SimpleData>
		<SimpleData name="agency_name">Department of State Growth</SimpleData>
	</SchemaData></ExtendedData>
      <Point><coordinates>147.317793,-42.874395</coordinates></Point>
  </Placemark>
  <Placemark>
	<ExtendedData><SchemaData schemaUrl="#HCC_Bus_Stops">
		<SimpleData name="stop_id">7000114</SimpleData>
		<SimpleData name="stop_name">Lansdowne Cr opp Warwick St</SimpleData>
		<SimpleData name="location_type">0</SimpleData>
		<SimpleData name="wheelchair_boarding">0</SimpleData>
		<SimpleData name="agency_name">Department of State Growth</SimpleData>
	</SchemaData></ExtendedData>
      <Point><coordinates>147.3103,-42.883216</coordinates></Point>
  </Placemark>
  <Placemark>
	<ExtendedData><SchemaData schemaUrl="#HCC_Bus_Stops">
		<SimpleData name="stop_id">7000115</SimpleData>
		<SimpleData name="stop_name">Friends Park, Mellifont St</SimpleData>
		<SimpleData name="location_type">0</SimpleData>
		<SimpleData name="wheelchair_boarding">0</SimpleData>
		<SimpleData name="agency_name">Department of State Growth</SimpleData>
	</SchemaData></ExtendedData>
      <Point><coordinates>147.307981,-42.876924</coordinates></Point>
  </Placemark>
  <Placemark>
	<ExtendedData><SchemaData schemaUrl="#HCC_Bus_Stops">
		<SimpleData name="stop_id">7000116</SimpleData>
		<SimpleData name="stop_name">Hill St at Hamilton St</SimpleData>
		<SimpleData name="location_type">0</SimpleData>
		<SimpleData name="wheelchair_boarding">0</SimpleData>
		<SimpleData name="agency_name">Department of State Growth</SimpleData>
	</SchemaData></ExtendedData>
      <Point><coordinates>147.310225,-42.878475</coordinates></Point>
  </Placemark>
  <Placemark>
	<ExtendedData><SchemaData schemaUrl="#HCC_Bus_Stops">
		<SimpleData name="stop_id">7000117</SimpleData>
		<SimpleData name="stop_name">Liverpool St at Harrington St</SimpleData>
		<SimpleData name="location_type">0</SimpleData>
		<SimpleData name="wheelchair_boarding">0</SimpleData>
		<SimpleData name="agency_name">Department of State Growth</SimpleData>
	</SchemaData></ExtendedData>
      <Point><coordinates>147.324457,-42.883853</coordinates></Point>
  </Placemark>
  <Placemark>
	<ExtendedData><SchemaData schemaUrl="#HCC_Bus_Stops">
		<SimpleData name="stop_id">7000118</SimpleData>
		<SimpleData name="stop_name">Hobart Interchange, Macquarie St, Stop C1</SimpleData>
		<SimpleData name="location_type">0</SimpleData>
		<SimpleData name="parent_station">place_inthob</SimpleData>
		<SimpleData name="wheelchair_boarding">0</SimpleData>
		<SimpleData name="agency_name">Department of State Growth</SimpleData>
	</SchemaData></ExtendedData>
      <Point><coordinates>147.329723,-42.883032</coordinates></Point>
  </Placemark>
  <Placemark>
	<ExtendedData><SchemaData schemaUrl="#HCC_Bus_Stops">
		<SimpleData name="stop_id">7000123</SimpleData>
		<SimpleData name="stop_name">Hobart Interchange, Elizabeth St, Stop D4</SimpleData>
		<SimpleData name="location_type">0</SimpleData>
		<SimpleData name="parent_station">place_inthob</SimpleData>
		<SimpleData name="wheelchair_boarding">0</SimpleData>
		<SimpleData name="agency_name">Department of State Growth</SimpleData>
	</SchemaData></ExtendedData>
      <Point><coordinates>147.331092,-42.883038</coordinates></Point>
  </Placemark>
  <Placemark>
	<ExtendedData><SchemaData schemaUrl="#HCC_Bus_Stops">
		<SimpleData name="stop_id">7004001</SimpleData>
		<SimpleData name="stop_name">Macquarie St before Ispahan Av</SimpleData>
		<SimpleData name="location_type">0</SimpleData>
		<SimpleData name="wheelchair_boarding">0</SimpleData>
		<SimpleData name="agency_name">Department of State Growth</SimpleData>
	</SchemaData></ExtendedData>
      <Point><coordinates>147.319142,-42.891242</coordinates></Point>
  </Placemark>
  <Placemark>
	<ExtendedData><SchemaData schemaUrl="#HCC_Bus_Stops">
		<SimpleData name="stop_id">7004002</SimpleData>
		<SimpleData name="stop_name">410 Strickland Av</SimpleData>
		<SimpleData name="location_type">0</SimpleData>
		<SimpleData name="wheelchair_boarding">0</SimpleData>
		<SimpleData name="agency_name">Department of State Growth</SimpleData>
	</SchemaData></ExtendedData>
      <Point><coordinates>147.267179,-42.90929</coordinates></Point>
  </Placemark>
  <Placemark>
	<ExtendedData><SchemaData schemaUrl="#HCC_Bus_Stops">
		<SimpleData name="stop_id">7004003</SimpleData>
		<SimpleData name="stop_name">Strickland Av opp Smithurst Av</SimpleData>
		<SimpleData name="location_type">0</SimpleData>
		<SimpleData name="wheelchair_boarding">0</SimpleData>
		<SimpleData name="agency_name">Department of State Growth</SimpleData>
	</SchemaData></ExtendedData>
      <Point><coordinates>147.289411,-42.897915</coordinates></Point>
  </Placemark>
  <Placemark>
	<ExtendedData><SchemaData schemaUrl="#HCC_Bus_Stops">
		<SimpleData name="stop_id">7004004</SimpleData>
		<SimpleData name="stop_name">Strickland Av at Smithurst Av</SimpleData>
		<SimpleData name="location_type">0</SimpleData>
		<SimpleData name="wheelchair_boarding">0</SimpleData>
		<SimpleData name="agency_name">Department of State Growth</SimpleData>
	</SchemaData></ExtendedData>
      <Point><coordinates>147.288831,-42.898114</coordinates></Point>
  </Placemark>
  <Placemark>
	<ExtendedData><SchemaData schemaUrl="#HCC_Bus_Stops">
		<SimpleData name="stop_id">7004005</SimpleData>
		<SimpleData name="stop_name">407 Huon Rd</SimpleData>
		<SimpleData name="location_type">0</SimpleData>
		<SimpleData name="wheelchair_boarding">0</SimpleData>
		<SimpleData name="agency_name">Department of State Growth</SimpleData>
	</SchemaData></ExtendedData>
      <Point><coordinates>147.303827,-42.898263</coordinates></Point>
  </Placemark>
  <Placemark>
	<ExtendedData><SchemaData schemaUrl="#HCC_Bus_Stops">
		<SimpleData name="stop_id">7004006</SimpleData>
		<SimpleData name="stop_name">406 Huon Rd</SimpleData>
		<SimpleData name="location_type">0</SimpleData>
		<SimpleData name="wheelchair_boarding">0</SimpleData>
		<SimpleData name="agency_name">Department of State Growth</SimpleData>
	</SchemaData></ExtendedData>
      <Point><coordinates>147.305666,-42.898835</coordinates></Point>
  </Placemark>
  <Placemark>
	<ExtendedData><SchemaData schemaUrl="#HCC_Bus_Stops">
		<SimpleData name="stop_id">7004007</SimpleData>
		<SimpleData name="stop_name">63 Strickland Av</SimpleData>
		<SimpleData name="location_type">0</SimpleData>
		<SimpleData name="wheelchair_boarding">0</SimpleData>
		<SimpleData name="agency_name">Department of State Growth</SimpleData>
	</SchemaData></ExtendedData>
      <Point><coordinates>147.286405,-42.898123</coordinates></Point>
  </Placemark>
  <Placemark>
	<ExtendedData><SchemaData schemaUrl="#HCC_Bus_Stops">
		<SimpleData name="stop_id">7004008</SimpleData>
		<SimpleData name="stop_name">74 Strickland Av</SimpleData>
		<SimpleData name="location_type">0</SimpleData>
		<SimpleData name="wheelchair_boarding">0</SimpleData>
		<SimpleData name="agency_name">Department of State Growth</SimpleData>
	</SchemaData></ExtendedData>
      <Point><coordinates>147.284695,-42.898703</coordinates></Point>
  </Placemark>
  <Placemark>
	<ExtendedData><SchemaData schemaUrl="#HCC_Bus_Stops">
		<SimpleData name="stop_id">7004009</SimpleData>
		<SimpleData name="stop_name">113 Strickland Av</SimpleData>
		<SimpleData name="location_type">0</SimpleData>
		<SimpleData name="wheelchair_boarding">0</SimpleData>
		<SimpleData name="agency_name">Department of State Growth</SimpleData>
	</SchemaData></ExtendedData>
      <Point><coordinates>147.281862,-42.900467</coordinates></Point>
  </Placemark>
  <Placemark>
	<ExtendedData><SchemaData schemaUrl="#HCC_Bus_Stops">
		<SimpleData name="stop_id">7004010</SimpleData>
		<SimpleData name="stop_name">116 Strickland Av</SimpleData>
		<SimpleData name="location_type">0</SimpleData>
		<SimpleData name="wheelchair_boarding">0</SimpleData>
		<SimpleData name="agency_name">Department of State Growth</SimpleData>
	</SchemaData></ExtendedData>
      <Point><coordinates>147.281821,-42.900721</coordinates></Point>
  </Placemark>
  <Placemark>
	<ExtendedData><SchemaData schemaUrl="#HCC_Bus_Stops">
		<SimpleData name="stop_id">7004011</SimpleData>
		<SimpleData name="stop_name">Davey St at Romilly St</SimpleData>
		<SimpleData name="location_type">0</SimpleData>
		<SimpleData name="wheelchair_boarding">0</SimpleData>
		<SimpleData name="agency_name">Department of State Growth</SimpleData>
	</SchemaData></ExtendedData>
      <Point><coordinates>147.312512,-42.899365</coordinates></Point>
  </Placemark>
  <Placemark>
	<ExtendedData><SchemaData schemaUrl="#HCC_Bus_Stops">
		<SimpleData name="stop_id">7004012</SimpleData>
		<SimpleData name="stop_name">Macquarie St opp South Hobart Primary School</SimpleData>
		<SimpleData name="location_type">0</SimpleData>
		<SimpleData name="wheelchair_boarding">0</SimpleData>
		<SimpleData name="agency_name">Department of State Growth</SimpleData>
	</SchemaData></ExtendedData>
      <Point><coordinates>147.311403,-42.89381</coordinates></Point>
  </Placemark>
  <Placemark>
	<ExtendedData><SchemaData schemaUrl="#HCC_Bus_Stops">
		<SimpleData name="stop_id">7004013</SimpleData>
		<SimpleData name="stop_name">South Hobart Primary School, Macquarie St</SimpleData>
		<SimpleData name="location_type">0</SimpleData>
		<SimpleData name="wheelchair_boarding">0</SimpleData>
		<SimpleData name="agency_name">Department of State Growth</SimpleData>
	</SchemaData></ExtendedData>
      <Point><coordinates>147.311277,-42.89369</coordinates></Point>
  </Placemark>
  <Placemark>
	<ExtendedData><SchemaData schemaUrl="#HCC_Bus_Stops">
		<SimpleData name="stop_id">7004014</SimpleData>
		<SimpleData name="stop_name">Huon Rd opp Livingston St</SimpleData>
		<SimpleData name="location_type">0</SimpleData>
		<SimpleData name="wheelchair_boarding">0</SimpleData>
		<SimpleData name="agency_name">Department of State Growth</SimpleData>
	</SchemaData></ExtendedData>
      <Point><coordinates>147.309553,-42.899298</coordinates></Point>
  </Placemark>
  <Placemark>
	<ExtendedData><SchemaData schemaUrl="#HCC_Bus_Stops">
		<SimpleData name="stop_id">7004015</SimpleData>
		<SimpleData name="stop_name">Huon Rd at Livingston St</SimpleData>
		<SimpleData name="location_type">0</SimpleData>
		<SimpleData name="wheelchair_boarding">0</SimpleData>
		<SimpleData name="agency_name">Department of State Growth</SimpleData>
	</SchemaData></ExtendedData>
      <Point><coordinates>147.309424,-42.89952</coordinates></Point>
  </Placemark>
  <Placemark>
	<ExtendedData><SchemaData schemaUrl="#HCC_Bus_Stops">
		<SimpleData name="stop_id">7004016</SimpleData>
		<SimpleData name="stop_name">Macquarie St before D'Arcy St</SimpleData>
		<SimpleData name="location_type">0</SimpleData>
		<SimpleData name="wheelchair_boarding">0</SimpleData>
		<SimpleData name="agency_name">Department of State Growth</SimpleData>
	</SchemaData></ExtendedData>
      <Point><coordinates>147.309593,-42.89448</coordinates></Point>
  </Placemark>
  <Placemark>
	<ExtendedData><SchemaData schemaUrl="#HCC_Bus_Stops">
		<SimpleData name="stop_id">7004017</SimpleData>
		<SimpleData name="stop_name">Macquarie St after Glen St</SimpleData>
		<SimpleData name="location_type">0</SimpleData>
		<SimpleData name="wheelchair_boarding">0</SimpleData>
		<SimpleData name="agency_name">Department of State Growth</SimpleData>
	</SchemaData></ExtendedData>
      <Point><coordinates>147.309356,-42.894424</coordinates></Point>
  </Placemark>
  <Placemark>
	<ExtendedData><SchemaData schemaUrl="#HCC_Bus_Stops">
		<SimpleData name="stop_id">7004018</SimpleData>
		<SimpleData name="stop_name">Cascade Rd opp St John's Hospital</SimpleData>
		<SimpleData name="location_type">0</SimpleData>
		<SimpleData name="wheelchair_boarding">0</SimpleData>
		<SimpleData name="agency_name">Department of State Growth</SimpleData>
	</SchemaData></ExtendedData>
      <Point><coordinates>147.306903,-42.894983</coordinates></Point>
  </Placemark>
  <Placemark>
	<ExtendedData><SchemaData schemaUrl="#HCC_Bus_Stops">
		<SimpleData name="stop_id">7004019</SimpleData>
		<SimpleData name="stop_name">Cascade Rd after Apsley St</SimpleData>
		<SimpleData name="location_type">0</SimpleData>
		<SimpleData name="wheelchair_boarding">0</SimpleData>
		<SimpleData name="agency_name">Department of State Growth</SimpleData>
	</SchemaData></ExtendedData>
      <Point><coordinates>147.303419,-42.895405</coordinates></Point>
  </Placemark>
  <Placemark>
	<ExtendedData><SchemaData schemaUrl="#HCC_Bus_Stops">
		<SimpleData name="stop_id">7004020</SimpleData>
		<SimpleData name="stop_name">Cascade Rd after Congress St</SimpleData>
		<SimpleData name="location_type">0</SimpleData>
		<SimpleData name="wheelchair_boarding">0</SimpleData>
		<SimpleData name="agency_name">Department of State Growth</SimpleData>
	</SchemaData></ExtendedData>
      <Point><coordinates>147.303595,-42.895545</coordinates></Point>
  </Placemark>
  <Placemark>
	<ExtendedData><SchemaData schemaUrl="#HCC_Bus_Stops">
		<SimpleData name="stop_id">7004021</SimpleData>
		<SimpleData name="stop_name">Cascade Rd opp Badminton Centre</SimpleData>
		<SimpleData name="location_type">0</SimpleData>
		<SimpleData name="wheelchair_boarding">0</SimpleData>
		<SimpleData name="agency_name">Department of State Growth</SimpleData>
	</SchemaData></ExtendedData>
      <Point><coordinates>147.299416,-42.895331</coordinates></Point>
  </Placemark>
  <Placemark>
	<ExtendedData><SchemaData schemaUrl="#HCC_Bus_Stops">
		<SimpleData name="stop_id">7004022</SimpleData>
		<SimpleData name="stop_name">Badminton Centre, Cascade Rd</SimpleData>
		<SimpleData name="location_type">0</SimpleData>
		<SimpleData name="wheelchair_boarding">0</SimpleData>
		<SimpleData name="agency_name">Department of State Growth</SimpleData>
	</SchemaData></ExtendedData>
      <Point><coordinates>147.299541,-42.895117</coordinates></Point>
  </Placemark>
  <Placemark>
	<ExtendedData><SchemaData schemaUrl="#HCC_Bus_Stops">
		<SimpleData name="stop_id">7004023</SimpleData>
		<SimpleData name="stop_name">Cascade Rd opp Cascade Gardens</SimpleData>
		<SimpleData name="location_type">0</SimpleData>
		<SimpleData name="wheelchair_boarding">0</SimpleData>
		<SimpleData name="agency_name">Department of State Growth</SimpleData>
	</SchemaData></ExtendedData>
      <Point><coordinates>147.295982,-42.895861</coordinates></Point>
  </Placemark>
  <Placemark>
	<ExtendedData><SchemaData schemaUrl="#HCC_Bus_Stops">
		<SimpleData name="stop_id">7004024</SimpleData>
		<SimpleData name="stop_name">Cascade Gardens, Cascade Rd</SimpleData>
		<SimpleData name="location_type">0</SimpleData>
		<SimpleData name="wheelchair_boarding">0</SimpleData>
		<SimpleData name="agency_name">Department of State Growth</SimpleData>
	</SchemaData></ExtendedData>
      <Point><coordinates>147.29578,-42.895735</coordinates></Point>
  </Placemark>
  <Placemark>
	<ExtendedData><SchemaData schemaUrl="#HCC_Bus_Stops">
		<SimpleData name="stop_id">7004025</SimpleData>
		<SimpleData name="stop_name">Cascade Rd opp Cascade Brewery</SimpleData>
		<SimpleData name="location_type">0</SimpleData>
		<SimpleData name="wheelchair_boarding">0</SimpleData>
		<SimpleData name="agency_name">Department of State Growth</SimpleData>
	</SchemaData></ExtendedData>
      <Point><coordinates>147.292348,-42.896717</coordinates></Point>
  </Placemark>
  <Placemark>
	<ExtendedData><SchemaData schemaUrl="#HCC_Bus_Stops">
		<SimpleData name="stop_id">7004026</SimpleData>
		<SimpleData name="stop_name">opp 443 Huon Rd</SimpleData>
		<SimpleData name="location_type">0</SimpleData>
		<SimpleData name="wheelchair_boarding">0</SimpleData>
		<SimpleData name="agency_name">Department of State Growth</SimpleData>
	</SchemaData></ExtendedData>
      <Point><coordinates>147.300972,-42.898529</coordinates></Point>
  </Placemark>
  <Placemark>
	<ExtendedData><SchemaData schemaUrl="#HCC_Bus_Stops">
		<SimpleData name="stop_id">7004027</SimpleData>
		<SimpleData name="stop_name">Huon Rd at Grayling Av</SimpleData>
		<SimpleData name="location_type">0</SimpleData>
		<SimpleData name="wheelchair_boarding">0</SimpleData>
		<SimpleData name="agency_name">Department of State Growth</SimpleData>
	</SchemaData></ExtendedData>
      <Point><coordinates>147.297542,-42.900507</coordinates></Point>
  </Placemark>
  <Placemark>
	<ExtendedData><SchemaData schemaUrl="#HCC_Bus_Stops">
		<SimpleData name="stop_id">7004028</SimpleData>
		<SimpleData name="stop_name">Huon Rd before Hillborough Rd</SimpleData>
		<SimpleData name="location_type">0</SimpleData>
		<SimpleData name="wheelchair_boarding">0</SimpleData>
		<SimpleData name="agency_name">Department of State Growth</SimpleData>
	</SchemaData></ExtendedData>
      <Point><coordinates>147.296094,-42.900395</coordinates></Point>
  </Placemark>
  <Placemark>
	<ExtendedData><SchemaData schemaUrl="#HCC_Bus_Stops">
		<SimpleData name="stop_id">7004029</SimpleData>
		<SimpleData name="stop_name">Strickland Av after Woodlyn Ct</SimpleData>
		<SimpleData name="location_type">0</SimpleData>
		<SimpleData name="wheelchair_boarding">0</SimpleData>
		<SimpleData name="agency_name">Department of State Growth</SimpleData>
	</SchemaData></ExtendedData>
      <Point><coordinates>147.279864,-42.901905</coordinates></Point>
  </Placemark>
  <Placemark>
	<ExtendedData><SchemaData schemaUrl="#HCC_Bus_Stops">
		<SimpleData name="stop_id">7004030</SimpleData>
		<SimpleData name="stop_name">486 Huon Rd</SimpleData>
		<SimpleData name="location_type">0</SimpleData>
		<SimpleData name="wheelchair_boarding">0</SimpleData>
		<SimpleData name="agency_name">Department of State Growth</SimpleData>
	</SchemaData></ExtendedData>
      <Point><coordinates>147.295165,-42.901353</coordinates></Point>
  </Placemark>
  <Placemark>
	<ExtendedData><SchemaData schemaUrl="#HCC_Bus_Stops">
		<SimpleData name="stop_id">7004031</SimpleData>
		<SimpleData name="stop_name">Marlyn Rd after Avon Rd</SimpleData>
		<SimpleData name="location_type">0</SimpleData>
		<SimpleData name="wheelchair_boarding">0</SimpleData>
		<SimpleData name="agency_name">Department of State Growth</SimpleData>
	</SchemaData></ExtendedData>
      <Point><coordinates>147.28151,-42.896818</coordinates></Point>
  </Placemark>
  <Placemark>
	<ExtendedData><SchemaData schemaUrl="#HCC_Bus_Stops">
		<SimpleData name="stop_id">7004032</SimpleData>
		<SimpleData name="stop_name">Marlyn Rd before Jubilee Rd</SimpleData>
		<SimpleData name="location_type">0</SimpleData>
		<SimpleData name="wheelchair_boarding">0</SimpleData>
		<SimpleData name="agency_name">Department of State Growth</SimpleData>
	</SchemaData></ExtendedData>
      <Point><coordinates>147.281368,-42.896716</coordinates></Point>
  </Placemark>
  <Placemark>
	<ExtendedData><SchemaData schemaUrl="#HCC_Bus_Stops">
		<SimpleData name="stop_id">7004033</SimpleData>
		<SimpleData name="stop_name">Marlyn Rd before Avon Rd</SimpleData>
		<SimpleData name="location_type">0</SimpleData>
		<SimpleData name="wheelchair_boarding">0</SimpleData>
		<SimpleData name="agency_name">Department of State Growth</SimpleData>
	</SchemaData></ExtendedData>
      <Point><coordinates>147.282975,-42.896618</coordinates></Point>
  </Placemark>
  <Placemark>
	<ExtendedData><SchemaData schemaUrl="#HCC_Bus_Stops">
		<SimpleData name="stop_id">7004034</SimpleData>
		<SimpleData name="stop_name">Saunders Cr before Meagher Ct</SimpleData>
		<SimpleData name="location_type">0</SimpleData>
		<SimpleData name="wheelchair_boarding">0</SimpleData>
		<SimpleData name="agency_name">Department of State Growth</SimpleData>
	</SchemaData></ExtendedData>
      <Point><coordinates>147.279255,-42.898719</coordinates></Point>
  </Placemark>
  <Placemark>
	<ExtendedData><SchemaData schemaUrl="#HCC_Bus_Stops">
		<SimpleData name="stop_id">7004035</SimpleData>
		<SimpleData name="stop_name">156 Strickland Av</SimpleData>
		<SimpleData name="location_type">0</SimpleData>
		<SimpleData name="wheelchair_boarding">0</SimpleData>
		<SimpleData name="agency_name">Department of State Growth</SimpleData>
	</SchemaData></ExtendedData>
      <Point><coordinates>147.277193,-42.903112</coordinates></Point>
  </Placemark>
  <Placemark>
	<ExtendedData><SchemaData schemaUrl="#HCC_Bus_Stops">
		<SimpleData name="stop_id">7004036</SimpleData>
		<SimpleData name="stop_name">511 Huon Rd</SimpleData>
		<SimpleData name="location_type">0</SimpleData>
		<SimpleData name="wheelchair_boarding">0</SimpleData>
		<SimpleData name="agency_name">Department of State Growth</SimpleData>
	</SchemaData></ExtendedData>
      <Point><coordinates>147.287363,-42.904015</coordinates></Point>
  </Placemark>
  <Placemark>
	<ExtendedData><SchemaData schemaUrl="#HCC_Bus_Stops">
		<SimpleData name="stop_id">7004037</SimpleData>
		<SimpleData name="stop_name">opp 156 Strickland Av</SimpleData>
		<SimpleData name="location_type">0</SimpleData>
		<SimpleData name="wheelchair_boarding">0</SimpleData>
		<SimpleData name="agency_name">Department of State Growth</SimpleData>
	</SchemaData></ExtendedData>
      <Point><coordinates>147.277258,-42.902882</coordinates></Point>
  </Placemark>
  <Placemark>
	<ExtendedData><SchemaData schemaUrl="#HCC_Bus_Stops">
		<SimpleData name="stop_id">7004038</SimpleData>
		<SimpleData name="stop_name">Huon Rd opp Turnip Fields Rd</SimpleData>
		<SimpleData name="location_type">0</SimpleData>
		<SimpleData name="wheelchair_boarding">0</SimpleData>
		<SimpleData name="agency_name">Department of State Growth</SimpleData>
	</SchemaData></ExtendedData>
      <Point><coordinates>147.280514,-42.905081</coordinates></Point>
  </Placemark>
  <Placemark>
	<ExtendedData><SchemaData schemaUrl="#HCC_Bus_Stops">
		<SimpleData name="stop_id">7004039</SimpleData>
		<SimpleData name="stop_name">Huon Rd at Turnip Fields Rd</SimpleData>
		<SimpleData name="location_type">0</SimpleData>
		<SimpleData name="wheelchair_boarding">0</SimpleData>
		<SimpleData name="agency_name">Department of State Growth</SimpleData>
	</SchemaData></ExtendedData>
      <Point><coordinates>147.280149,-42.905409</coordinates></Point>
  </Placemark>
  <Placemark>
	<ExtendedData><SchemaData schemaUrl="#HCC_Bus_Stops">
		<SimpleData name="stop_id">7004040</SimpleData>
		<SimpleData name="stop_name">Huon Rd opp Strickland Av</SimpleData>
		<SimpleData name="location_type">0</SimpleData>
		<SimpleData name="wheelchair_boarding">0</SimpleData>
		<SimpleData name="agency_name">Department of State Growth</SimpleData>
	</SchemaData></ExtendedData>
      <Point><coordinates>147.269237,-42.912524</coordinates></Point>
  </Placemark>
  <Placemark>
	<ExtendedData><SchemaData schemaUrl="#HCC_Bus_Stops">
		<SimpleData name="stop_id">7004041</SimpleData>
		<SimpleData name="stop_name">Huon Rd at Strickland Av</SimpleData>
		<SimpleData name="location_type">0</SimpleData>
		<SimpleData name="wheelchair_boarding">0</SimpleData>
		<SimpleData name="agency_name">Department of State Growth</SimpleData>
	</SchemaData></ExtendedData>
      <Point><coordinates>147.268757,-42.913103</coordinates></Point>
  </Placemark>
  <Placemark>
	<ExtendedData><SchemaData schemaUrl="#HCC_Bus_Stops">
		<SimpleData name="stop_id">7004042</SimpleData>
		<SimpleData name="stop_name">186 Strickland Av</SimpleData>
		<SimpleData name="location_type">0</SimpleData>
		<SimpleData name="wheelchair_boarding">0</SimpleData>
		<SimpleData name="agency_name">Department of State Growth</SimpleData>
	</SchemaData></ExtendedData>
      <Point><coordinates>147.274712,-42.901076</coordinates></Point>
  </Placemark>
  <Placemark>
	<ExtendedData><SchemaData schemaUrl="#HCC_Bus_Stops">
		<SimpleData name="stop_id">7004043</SimpleData>
		<SimpleData name="stop_name">opp 186 Strickland Av</SimpleData>
		<SimpleData name="location_type">0</SimpleData>
		<SimpleData name="wheelchair_boarding">0</SimpleData>
		<SimpleData name="agency_name">Department of State Growth</SimpleData>
	</SchemaData></ExtendedData>
      <Point><coordinates>147.275361,-42.901133</coordinates></Point>
  </Placemark>
  <Placemark>
	<ExtendedData><SchemaData schemaUrl="#HCC_Bus_Stops">
		<SimpleData name="stop_id">7004044</SimpleData>
		<SimpleData name="stop_name">Marlyn Rd after Strickland Av</SimpleData>
		<SimpleData name="location_type">0</SimpleData>
		<SimpleData name="wheelchair_boarding">0</SimpleData>
		<SimpleData name="agency_name">Department of State Growth</SimpleData>
	</SchemaData></ExtendedData>
      <Point><coordinates>147.276539,-42.89934</coordinates></Point>
  </Placemark>
  <Placemark>
	<ExtendedData><SchemaData schemaUrl="#HCC_Bus_Stops">
		<SimpleData name="stop_id">7004045</SimpleData>
		<SimpleData name="stop_name">338 Strickland Av</SimpleData>
		<SimpleData name="location_type">0</SimpleData>
		<SimpleData name="wheelchair_boarding">0</SimpleData>
		<SimpleData name="agency_name">Department of State Growth</SimpleData>
	</SchemaData></ExtendedData>
      <Point><coordinates>147.268085,-42.905672</coordinates></Point>
  </Placemark>
  <Placemark>
	<ExtendedData><SchemaData schemaUrl="#HCC_Bus_Stops">
		<SimpleData name="stop_id">7004046</SimpleData>
		<SimpleData name="stop_name">398 Strickland Av</SimpleData>
		<SimpleData name="location_type">0</SimpleData>
		<SimpleData name="wheelchair_boarding">0</SimpleData>
		<SimpleData name="agency_name">Department of State Growth</SimpleData>
	</SchemaData></ExtendedData>
      <Point><coordinates>147.266237,-42.908216</coordinates></Point>
  </Placemark>
  <Placemark>
	<ExtendedData><SchemaData schemaUrl="#HCC_Bus_Stops">
		<SimpleData name="stop_id">7004047</SimpleData>
		<SimpleData name="stop_name">418 Strickland Av</SimpleData>
		<SimpleData name="location_type">0</SimpleData>
		<SimpleData name="wheelchair_boarding">0</SimpleData>
		<SimpleData name="agency_name">Department of State Growth</SimpleData>
	</SchemaData></ExtendedData>
      <Point><coordinates>147.267826,-42.910565</coordinates></Point>
  </Placemark>
  <Placemark>
	<ExtendedData><SchemaData schemaUrl="#HCC_Bus_Stops">
		<SimpleData name="stop_id">7004048</SimpleData>
		<SimpleData name="stop_name">opp 416 Strickland Av</SimpleData>
		<SimpleData name="location_type">0</SimpleData>
		<SimpleData name="wheelchair_boarding">0</SimpleData>
		<SimpleData name="agency_name">Department of State Growth</SimpleData>
	</SchemaData></ExtendedData>
      <Point><coordinates>147.267564,-42.91039</coordinates></Point>
  </Placemark>
  <Placemark>
	<ExtendedData><SchemaData schemaUrl="#HCC_Bus_Stops">
		<SimpleData name="stop_id">7004049</SimpleData>
		<SimpleData name="stop_name">Strickland Av at Huon Rd</SimpleData>
		<SimpleData name="location_type">0</SimpleData>
		<SimpleData name="wheelchair_boarding">0</SimpleData>
		<SimpleData name="agency_name">Department of State Growth</SimpleData>
	</SchemaData></ExtendedData>
      <Point><coordinates>147.268675,-42.91282</coordinates></Point>
  </Placemark>
  <Placemark>
	<ExtendedData><SchemaData schemaUrl="#HCC_Bus_Stops">
		<SimpleData name="stop_id">7004050</SimpleData>
		<SimpleData name="stop_name">Strickland Av before Huon Rd</SimpleData>
		<SimpleData name="location_type">0</SimpleData>
		<SimpleData name="wheelchair_boarding">0</SimpleData>
		<SimpleData name="agency_name">Department of State Growth</SimpleData>
	</SchemaData></ExtendedData>
      <Point><coordinates>147.268641,-42.912618</coordinates></Point>
  </Placemark>
  <Placemark>
	<ExtendedData><SchemaData schemaUrl="#HCC_Bus_Stops">
		<SimpleData name="stop_id">7004051</SimpleData>
		<SimpleData name="stop_name">Saunders Cr before Moree Cl</SimpleData>
		<SimpleData name="location_type">0</SimpleData>
		<SimpleData name="wheelchair_boarding">0</SimpleData>
		<SimpleData name="agency_name">Department of State Growth</SimpleData>
	</SchemaData></ExtendedData>
      <Point><coordinates>147.278967,-42.899922</coordinates></Point>
  </Placemark>
  <Placemark>
	<ExtendedData><SchemaData schemaUrl="#HCC_Bus_Stops">
		<SimpleData name="stop_id">7004052</SimpleData>
		<SimpleData name="stop_name">Saunders Cr before Marlyn Rd</SimpleData>
		<SimpleData name="location_type">0</SimpleData>
		<SimpleData name="wheelchair_boarding">0</SimpleData>
		<SimpleData name="agency_name">Department of State Growth</SimpleData>
	</SchemaData></ExtendedData>
      <Point><coordinates>147.276236,-42.90001</coordinates></Point>
  </Placemark>
  <Placemark>
	<ExtendedData><SchemaData schemaUrl="#HCC_Bus_Stops">
		<SimpleData name="stop_id">7004053</SimpleData>
		<SimpleData name="stop_name">Strickland Av before Marlyn Rd</SimpleData>
		<SimpleData name="location_type">0</SimpleData>
		<SimpleData name="wheelchair_boarding">0</SimpleData>
		<SimpleData name="agency_name">Department of State Growth</SimpleData>
	</SchemaData></ExtendedData>
      <Point><coordinates>147.274959,-42.89938</coordinates></Point>
  </Placemark>
  <Placemark>
	<ExtendedData><SchemaData schemaUrl="#HCC_Bus_Stops">
		<SimpleData name="stop_id">7004054</SimpleData>
		<SimpleData name="stop_name">Strickland Av after Inglewood Rd</SimpleData>
		<SimpleData name="location_type">0</SimpleData>
		<SimpleData name="wheelchair_boarding">0</SimpleData>
		<SimpleData name="agency_name">Department of State Growth</SimpleData>
	</SchemaData></ExtendedData>
      <Point><coordinates>147.270563,-42.901915</coordinates></Point>
  </Placemark>
  <Placemark>
	<ExtendedData><SchemaData schemaUrl="#HCC_Bus_Stops">
		<SimpleData name="stop_id">7004055</SimpleData>
		<SimpleData name="stop_name">Strickland Av before Inglewood Rd</SimpleData>
		<SimpleData name="location_type">0</SimpleData>
		<SimpleData name="wheelchair_boarding">0</SimpleData>
		<SimpleData name="agency_name">Department of State Growth</SimpleData>
	</SchemaData></ExtendedData>
      <Point><coordinates>147.270424,-42.902002</coordinates></Point>
  </Placemark>
  <Placemark>
	<ExtendedData><SchemaData schemaUrl="#HCC_Bus_Stops">
		<SimpleData name="stop_id">7004056</SimpleData>
		<SimpleData name="stop_name">335 Strickland Av</SimpleData>
		<SimpleData name="location_type">0</SimpleData>
		<SimpleData name="wheelchair_boarding">0</SimpleData>
		<SimpleData name="agency_name">Department of State Growth</SimpleData>
	</SchemaData></ExtendedData>
      <Point><coordinates>147.269319,-42.904081</coordinates></Point>
  </Placemark>
  <Placemark>
	<ExtendedData><SchemaData schemaUrl="#HCC_Bus_Stops">
		<SimpleData name="stop_id">7004057</SimpleData>
		<SimpleData name="stop_name">opp 337 Strickland Av</SimpleData>
		<SimpleData name="location_type">0</SimpleData>
		<SimpleData name="wheelchair_boarding">0</SimpleData>
		<SimpleData name="agency_name">Department of State Growth</SimpleData>
	</SchemaData></ExtendedData>
      <Point><coordinates>147.269051,-42.904327</coordinates></Point>
  </Placemark>
  <Placemark>
	<ExtendedData><SchemaData schemaUrl="#HCC_Bus_Stops">
		<SimpleData name="stop_id">7004058</SimpleData>
		<SimpleData name="stop_name">Davey St after Southern Outlet</SimpleData>
		<SimpleData name="location_type">0</SimpleData>
		<SimpleData name="wheelchair_boarding">0</SimpleData>
		<SimpleData name="agency_name">Department of State Growth</SimpleData>
	</SchemaData></ExtendedData>
      <Point><coordinates>147.317164,-42.893404</coordinates></Point>
  </Placemark>
  <Placemark>
	<ExtendedData><SchemaData schemaUrl="#HCC_Bus_Stops">
		<SimpleData name="stop_id">7004059</SimpleData>
		<SimpleData name="stop_name">Macquarie St after Southern Outlet</SimpleData>
		<SimpleData name="location_type">0</SimpleData>
		<SimpleData name="wheelchair_boarding">0</SimpleData>
		<SimpleData name="agency_name">Department of State Growth</SimpleData>
	</SchemaData></ExtendedData>
      <Point><coordinates>147.316444,-42.892585</coordinates></Point>
  </Placemark>
  <Placemark>
	<ExtendedData><SchemaData schemaUrl="#HCC_Bus_Stops">
		<SimpleData name="stop_id">7004060</SimpleData>
		<SimpleData name="stop_name">Macquarie St opp Elboden St</SimpleData>
		<SimpleData name="location_type">0</SimpleData>
		<SimpleData name="wheelchair_boarding">0</SimpleData>
		<SimpleData name="agency_name">Department of State Growth</SimpleData>
	</SchemaData></ExtendedData>
      <Point><coordinates>147.315387,-42.89271</coordinates></Point>
  </Placemark>
  <Placemark>
	<ExtendedData><SchemaData schemaUrl="#HCC_Bus_Stops">
		<SimpleData name="stop_id">7004061</SimpleData>
		<SimpleData name="stop_name">Antill St after Davey St</SimpleData>
		<SimpleData name="location_type">0</SimpleData>
		<SimpleData name="wheelchair_boarding">0</SimpleData>
		<SimpleData name="agency_name">Department of State Growth</SimpleData>
	</SchemaData></ExtendedData>
      <Point><coordinates>147.321194,-42.891717</coordinates></Point>
  </Placemark>
  <Placemark>
	<ExtendedData><SchemaData schemaUrl="#HCC_Bus_Stops">
		<SimpleData name="stop_id">7004062</SimpleData>
		<SimpleData name="stop_name">Davey St after Anglesea St</SimpleData>
		<SimpleData name="location_type">0</SimpleData>
		<SimpleData name="wheelchair_boarding">0</SimpleData>
		<SimpleData name="agency_name">Department of State Growth</SimpleData>
	</SchemaData></ExtendedData>
      <Point><coordinates>147.314215,-42.895936</coordinates></Point>
  </Placemark>
  <Placemark>
	<ExtendedData><SchemaData schemaUrl="#HCC_Bus_Stops">
		<SimpleData name="stop_id">7004063</SimpleData>
		<SimpleData name="stop_name">Davey St before Anglesea St</SimpleData>
		<SimpleData name="location_type">0</SimpleData>
		<SimpleData name="wheelchair_boarding">0</SimpleData>
		<SimpleData name="agency_name">Department of State Growth</SimpleData>
	</SchemaData></ExtendedData>
      <Point><coordinates>147.314599,-42.895928</coordinates></Point>
  </Placemark>
  <Placemark>
	<ExtendedData><SchemaData schemaUrl="#HCC_Bus_Stops">
		<SimpleData name="stop_id">7004064</SimpleData>
		<SimpleData name="stop_name">Macquarie St before Weld St</SimpleData>
		<SimpleData name="location_type">0</SimpleData>
		<SimpleData name="wheelchair_boarding">0</SimpleData>
		<SimpleData name="agency_name">Department of State Growth</SimpleData>
	</SchemaData></ExtendedData>
      <Point><coordinates>147.313729,-42.893238</coordinates></Point>
  </Placemark>
  <Placemark>
	<ExtendedData><SchemaData schemaUrl="#HCC_Bus_Stops">
		<SimpleData name="stop_id">7004065</SimpleData>
		<SimpleData name="stop_name">Macquarie St after Weld St</SimpleData>
		<SimpleData name="location_type">0</SimpleData>
		<SimpleData name="wheelchair_boarding">0</SimpleData>
		<SimpleData name="agency_name">Department of State Growth</SimpleData>
	</SchemaData></ExtendedData>
      <Point><coordinates>147.313455,-42.893152</coordinates></Point>
  </Placemark>
  <Placemark>
	<ExtendedData><SchemaData schemaUrl="#HCC_Bus_Stops">
		<SimpleData name="stop_id">7004066</SimpleData>
		<SimpleData name="stop_name">Sandy Bay Rd before Hampden Rd</SimpleData>
		<SimpleData name="location_type">0</SimpleData>
		<SimpleData name="wheelchair_boarding">0</SimpleData>
		<SimpleData name="agency_name">Department of State Growth</SimpleData>
	</SchemaData></ExtendedData>
      <Point><coordinates>147.330277,-42.888674</coordinates></Point>
  </Placemark>
  <Placemark>
	<ExtendedData><SchemaData schemaUrl="#HCC_Bus_Stops">
		<SimpleData name="stop_id">7004067</SimpleData>
		<SimpleData name="stop_name">Antill St before Davey St</SimpleData>
		<SimpleData name="location_type">0</SimpleData>
		<SimpleData name="wheelchair_boarding">0</SimpleData>
		<SimpleData name="agency_name">Department of State Growth</SimpleData>
	</SchemaData></ExtendedData>
      <Point><coordinates>147.321244,-42.891903</coordinates></Point>
  </Placemark>
  <Placemark>
	<ExtendedData><SchemaData schemaUrl="#HCC_Bus_Stops">
		<SimpleData name="stop_id">7004068</SimpleData>
		<SimpleData name="stop_name">Albuera Street Primary School, Sandy Bay Rd</SimpleData>
		<SimpleData name="location_type">0</SimpleData>
		<SimpleData name="wheelchair_boarding">0</SimpleData>
		<SimpleData name="agency_name">Department of State Growth</SimpleData>
	</SchemaData></ExtendedData>
      <Point><coordinates>147.328144,-42.891083</coordinates></Point>
  </Placemark>
  <Placemark>
	<ExtendedData><SchemaData schemaUrl="#HCC_Bus_Stops">
		<SimpleData name="stop_id">7004069</SimpleData>
		<SimpleData name="stop_name">Davey St after Wentworth St</SimpleData>
		<SimpleData name="location_type">0</SimpleData>
		<SimpleData name="wheelchair_boarding">0</SimpleData>
		<SimpleData name="agency_name">Department of State Growth</SimpleData>
	</SchemaData></ExtendedData>
      <Point><coordinates>147.31255,-42.898616</coordinates></Point>
  </Placemark>
  <Placemark>
	<ExtendedData><SchemaData schemaUrl="#HCC_Bus_Stops">
		<SimpleData name="stop_id">7004070</SimpleData>
		<SimpleData name="stop_name">Cascade Brewery, Cascade Rd</SimpleData>
		<SimpleData name="location_type">0</SimpleData>
		<SimpleData name="wheelchair_boarding">0</SimpleData>
		<SimpleData name="agency_name">Department of State Growth</SimpleData>
	</SchemaData></ExtendedData>
      <Point><coordinates>147.29226,-42.896531</coordinates></Point>
  </Placemark>
  <Placemark>
	<ExtendedData><SchemaData schemaUrl="#HCC_Bus_Stops">
		<SimpleData name="stop_id">7004071</SimpleData>
		<SimpleData name="stop_name">443 Huon Rd</SimpleData>
		<SimpleData name="location_type">0</SimpleData>
		<SimpleData name="wheelchair_boarding">0</SimpleData>
		<SimpleData name="agency_name">Department of State Growth</SimpleData>
	</SchemaData></ExtendedData>
      <Point><coordinates>147.300748,-42.89851</coordinates></Point>
  </Placemark>
  <Placemark>
	<ExtendedData><SchemaData schemaUrl="#HCC_Bus_Stops">
		<SimpleData name="stop_id">7004072</SimpleData>
		<SimpleData name="stop_name">opp 511 Huon Rd</SimpleData>
		<SimpleData name="location_type">0</SimpleData>
		<SimpleData name="wheelchair_boarding">0</SimpleData>
		<SimpleData name="agency_name">Department of State Growth</SimpleData>
	</SchemaData></ExtendedData>
      <Point><coordinates>147.287396,-42.904229</coordinates></Point>
  </Placemark>
  <Placemark>
	<ExtendedData><SchemaData schemaUrl="#HCC_Bus_Stops">
		<SimpleData name="stop_id">7004073</SimpleData>
		<SimpleData name="stop_name">Marlyn Rd opp Saunders Cr</SimpleData>
		<SimpleData name="location_type">0</SimpleData>
		<SimpleData name="wheelchair_boarding">0</SimpleData>
		<SimpleData name="agency_name">Department of State Growth</SimpleData>
	</SchemaData></ExtendedData>
      <Point><coordinates>147.278942,-42.898312</coordinates></Point>
  </Placemark>
  <Placemark>
	<ExtendedData><SchemaData schemaUrl="#HCC_Bus_Stops">
		<SimpleData name="stop_id">7004074</SimpleData>
		<SimpleData name="stop_name">Davey St before Elboden St</SimpleData>
		<SimpleData name="location_type">0</SimpleData>
		<SimpleData name="wheelchair_boarding">0</SimpleData>
		<SimpleData name="agency_name">Department of State Growth</SimpleData>
	</SchemaData></ExtendedData>
      <Point><coordinates>147.315868,-42.893816</coordinates></Point>
  </Placemark>
  <Placemark>
	<ExtendedData><SchemaData schemaUrl="#HCC_Bus_Stops">
		<SimpleData name="stop_id">7004075</SimpleData>
		<SimpleData name="stop_name">opp 406 Strickland Av</SimpleData>
		<SimpleData name="location_type">0</SimpleData>
		<SimpleData name="wheelchair_boarding">0</SimpleData>
		<SimpleData name="agency_name">Department of State Growth</SimpleData>
	</SchemaData></ExtendedData>
      <Point><coordinates>147.266896,-42.909099</coordinates></Point>
  </Placemark>
  <Placemark>
	<ExtendedData><SchemaData schemaUrl="#HCC_Bus_Stops">
		<SimpleData name="stop_id">7004076</SimpleData>
		<SimpleData name="stop_name">St John's Hospital, Cascade Rd</SimpleData>
		<SimpleData name="location_type">0</SimpleData>
		<SimpleData name="wheelchair_boarding">0</SimpleData>
		<SimpleData name="agency_name">Department of State Growth</SimpleData>
	</SchemaData></ExtendedData>
      <Point><coordinates>147.306859,-42.895131</coordinates></Point>
  </Placemark>
  <Placemark>
	<ExtendedData><SchemaData schemaUrl="#HCC_Bus_Stops">
		<SimpleData name="stop_id">7004077</SimpleData>
		<SimpleData name="stop_name">Strickland Av before Woodlyn Ct</SimpleData>
		<SimpleData name="location_type">0</SimpleData>
		<SimpleData name="wheelchair_boarding">0</SimpleData>
		<SimpleData name="agency_name">Department of State Growth</SimpleData>
	</SchemaData></ExtendedData>
      <Point><coordinates>147.279911,-42.901747</coordinates></Point>
  </Placemark>
  <Placemark>
	<ExtendedData><SchemaData schemaUrl="#HCC_Bus_Stops">
		<SimpleData name="stop_id">7004078</SimpleData>
		<SimpleData name="stop_name">202 Strickland Av</SimpleData>
		<SimpleData name="location_type">0</SimpleData>
		<SimpleData name="wheelchair_boarding">0</SimpleData>
		<SimpleData name="agency_name">Department of State Growth</SimpleData>
	</SchemaData></ExtendedData>
      <Point><coordinates>147.274765,-42.900168</coordinates></Point>
  </Placemark>
  <Placemark>
	<ExtendedData><SchemaData schemaUrl="#HCC_Bus_Stops">
		<SimpleData name="stop_id">7004079</SimpleData>
		<SimpleData name="stop_name">Sandy Bay Rd at Hampden Rd</SimpleData>
		<SimpleData name="location_type">0</SimpleData>
		<SimpleData name="wheelchair_boarding">0</SimpleData>
		<SimpleData name="agency_name">Department of State Growth</SimpleData>
	</SchemaData></ExtendedData>
      <Point><coordinates>147.330175,-42.889508</coordinates></Point>
  </Placemark>
  <Placemark>
	<ExtendedData><SchemaData schemaUrl="#HCC_Bus_Stops">
		<SimpleData name="stop_id">7005001</SimpleData>
		<SimpleData name="stop_name">The Hutchins School, Nelson Rd, Middle School</SimpleData>
		<SimpleData name="location_type">0</SimpleData>
		<SimpleData name="wheelchair_boarding">0</SimpleData>
		<SimpleData name="agency_name">Department of State Growth</SimpleData>
	</SchemaData></ExtendedData>
      <Point><coordinates>147.32996,-42.905037</coordinates></Point>
  </Placemark>
  <Placemark>
	<ExtendedData><SchemaData schemaUrl="#HCC_Bus_Stops">
		<SimpleData name="stop_id">7005002</SimpleData>
		<SimpleData name="stop_name">Mount Carmel College, Sandy Bay Road</SimpleData>
		<SimpleData name="location_type">0</SimpleData>
		<SimpleData name="wheelchair_boarding">0</SimpleData>
		<SimpleData name="agency_name">Department of State Growth</SimpleData>
	</SchemaData></ExtendedData>
      <Point><coordinates>147.333022,-42.901494</coordinates></Point>
  </Placemark>
  <Placemark>
	<ExtendedData><SchemaData schemaUrl="#HCC_Bus_Stops">
		<SimpleData name="stop_id">7005003</SimpleData>
		<SimpleData name="stop_name">UTAS, French St</SimpleData>
		<SimpleData name="location_type">0</SimpleData>
		<SimpleData name="wheelchair_boarding">0</SimpleData>
		<SimpleData name="agency_name">Department of State Growth</SimpleData>
	</SchemaData></ExtendedData>
      <Point><coordinates>147.323477,-42.903319</coordinates></Point>
  </Placemark>
  <Placemark>
	<ExtendedData><SchemaData schemaUrl="#HCC_Bus_Stops">
		<SimpleData name="stop_id">7005004</SimpleData>
		<SimpleData name="stop_name">The Hutchins School, Nelson Rd, Senior School</SimpleData>
		<SimpleData name="location_type">0</SimpleData>
		<SimpleData name="wheelchair_boarding">0</SimpleData>
		<SimpleData name="agency_name">Department of State Growth</SimpleData>
	</SchemaData></ExtendedData>
      <Point><coordinates>147.32994,-42.90532</coordinates></Point>
  </Placemark>
  <Placemark>
	<ExtendedData><SchemaData schemaUrl="#HCC_Bus_Stops">
		<SimpleData name="stop_id">7005005</SimpleData>
		<SimpleData name="stop_name">York St before Grosvenor St</SimpleData>
		<SimpleData name="location_type">0</SimpleData>
		<SimpleData name="wheelchair_boarding">0</SimpleData>
		<SimpleData name="agency_name">Department of State Growth</SimpleData>
	</SchemaData></ExtendedData>
      <Point><coordinates>147.326777,-42.899778</coordinates></Point>
  </Placemark>
  <Placemark>
	<ExtendedData><SchemaData schemaUrl="#HCC_Bus_Stops">
		<SimpleData name="stop_id">7005006</SimpleData>
		<SimpleData name="stop_name">York St after Regent St</SimpleData>
		<SimpleData name="location_type">0</SimpleData>
		<SimpleData name="wheelchair_boarding">0</SimpleData>
		<SimpleData name="agency_name">Department of State Growth</SimpleData>
	</SchemaData></ExtendedData>
      <Point><coordinates>147.325862,-42.8998</coordinates></Point>
  </Placemark>
  <Placemark>
	<ExtendedData><SchemaData schemaUrl="#HCC_Bus_Stops">
		<SimpleData name="stop_id">7005007</SimpleData>
		<SimpleData name="stop_name">York St after Sandy Bay Rd</SimpleData>
		<SimpleData name="location_type">0</SimpleData>
		<SimpleData name="wheelchair_boarding">0</SimpleData>
		<SimpleData name="agency_name">Department of State Growth</SimpleData>
	</SchemaData></ExtendedData>
      <Point><coordinates>147.329435,-42.899142</coordinates></Point>
  </Placemark>
  <Placemark>
	<ExtendedData><SchemaData schemaUrl="#HCC_Bus_Stops">
		<SimpleData name="stop_id">7005008</SimpleData>
		<SimpleData name="stop_name">York St at Sandy Bay Rd</SimpleData>
		<SimpleData name="location_type">0</SimpleData>
		<SimpleData name="wheelchair_boarding">0</SimpleData>
		<SimpleData name="agency_name">Department of State Growth</SimpleData>
	</SchemaData></ExtendedData>
      <Point><coordinates>147.329549,-42.898989</coordinates></Point>
  </Placemark>
  <Placemark>
	<ExtendedData><SchemaData schemaUrl="#HCC_Bus_Stops">
		<SimpleData name="stop_id">7005009</SimpleData>
		<SimpleData name="stop_name">Alexander St after Regent St</SimpleData>
		<SimpleData name="location_type">0</SimpleData>
		<SimpleData name="wheelchair_boarding">0</SimpleData>
		<SimpleData name="agency_name">Department of State Growth</SimpleData>
	</SchemaData></ExtendedData>
      <Point><coordinates>147.322985,-42.902417</coordinates></Point>
  </Placemark>
  <Placemark>
	<ExtendedData><SchemaData schemaUrl="#HCC_Bus_Stops">
		<SimpleData name="stop_id">7005010</SimpleData>
		<SimpleData name="stop_name">Mount Carmel College, Nelson Rd</SimpleData>
		<SimpleData name="location_type">0</SimpleData>
		<SimpleData name="wheelchair_boarding">0</SimpleData>
		<SimpleData name="agency_name">Department of State Growth</SimpleData>
	</SchemaData></ExtendedData>
      <Point><coordinates>147.33281,-42.902552</coordinates></Point>
  </Placemark>
  <Placemark>
	<ExtendedData><SchemaData schemaUrl="#HCC_Bus_Stops">
		<SimpleData name="stop_id">7005011</SimpleData>
		<SimpleData name="stop_name">View St before Proctors Rd</SimpleData>
		<SimpleData name="location_type">0</SimpleData>
		<SimpleData name="wheelchair_boarding">0</SimpleData>
		<SimpleData name="agency_name">Department of State Growth</SimpleData>
	</SchemaData></ExtendedData>
      <Point><coordinates>147.319652,-42.90204</coordinates></Point>
  </Placemark>
  <Placemark>
	<ExtendedData><SchemaData schemaUrl="#HCC_Bus_Stops">
		<SimpleData name="stop_id">7005012</SimpleData>
		<SimpleData name="stop_name">French St after Alexander St</SimpleData>
		<SimpleData name="location_type">0</SimpleData>
		<SimpleData name="wheelchair_boarding">0</SimpleData>
		<SimpleData name="agency_name">Department of State Growth</SimpleData>
	</SchemaData></ExtendedData>
      <Point><coordinates>147.320574,-42.903105</coordinates></Point>
  </Placemark>
  <Placemark>
	<ExtendedData><SchemaData schemaUrl="#HCC_Bus_Stops">
		<SimpleData name="stop_id">7005013</SimpleData>
		<SimpleData name="stop_name">Nelson Rd opp Mount Carmel College</SimpleData>
		<SimpleData name="location_type">0</SimpleData>
		<SimpleData name="wheelchair_boarding">0</SimpleData>
		<SimpleData name="agency_name">Department of State Growth</SimpleData>
	</SchemaData></ExtendedData>
      <Point><coordinates>147.33311,-42.902528</coordinates></Point>
  </Placemark>
  <Placemark>
	<ExtendedData><SchemaData schemaUrl="#HCC_Bus_Stops">
		<SimpleData name="stop_id">7005014</SimpleData>
		<SimpleData name="stop_name">Churchill Av before McAulay Rd</SimpleData>
		<SimpleData name="location_type">0</SimpleData>
		<SimpleData name="wheelchair_boarding">0</SimpleData>
		<SimpleData name="agency_name">Department of State Growth</SimpleData>
	</SchemaData></ExtendedData>
      <Point><coordinates>147.336212,-42.912227</coordinates></Point>
  </Placemark>
  <Placemark>
	<ExtendedData><SchemaData schemaUrl="#HCC_Bus_Stops">
		<SimpleData name="stop_id">7005015</SimpleData>
		<SimpleData name="stop_name">Churchill Av opp McAulay Rd</SimpleData>
		<SimpleData name="location_type">0</SimpleData>
		<SimpleData name="wheelchair_boarding">0</SimpleData>
		<SimpleData name="agency_name">Department of State Growth</SimpleData>
	</SchemaData></ExtendedData>
      <Point><coordinates>147.336774,-42.912582</coordinates></Point>
  </Placemark>
  <Placemark>
	<ExtendedData><SchemaData schemaUrl="#HCC_Bus_Stops">
		<SimpleData name="stop_id">7005016</SimpleData>
		<SimpleData name="stop_name">Sandy Bay Rd opp Sandy Bay Infant School</SimpleData>
		<SimpleData name="location_type">0</SimpleData>
		<SimpleData name="wheelchair_boarding">0</SimpleData>
		<SimpleData name="agency_name">Department of State Growth</SimpleData>
	</SchemaData></ExtendedData>
      <Point><coordinates>147.349908,-42.910317</coordinates></Point>
  </Placemark>
  <Placemark>
	<ExtendedData><SchemaData schemaUrl="#HCC_Bus_Stops">
		<SimpleData name="stop_id">7005017</SimpleData>
		<SimpleData name="stop_name">Long Beach, Sandy Bay Rd</SimpleData>
		<SimpleData name="location_type">0</SimpleData>
		<SimpleData name="wheelchair_boarding">0</SimpleData>
		<SimpleData name="agency_name">Department of State Growth</SimpleData>
	</SchemaData></ExtendedData>
      <Point><coordinates>147.356408,-42.913627</coordinates></Point>
  </Placemark>
  <Placemark>
	<ExtendedData><SchemaData schemaUrl="#HCC_Bus_Stops">
		<SimpleData name="stop_id">7005018</SimpleData>
		<SimpleData name="stop_name">Churchill Av after Red Chapel Av</SimpleData>
		<SimpleData name="location_type">0</SimpleData>
		<SimpleData name="wheelchair_boarding">0</SimpleData>
		<SimpleData name="agency_name">Department of State Growth</SimpleData>
	</SchemaData></ExtendedData>
      <Point><coordinates>147.342164,-42.914493</coordinates></Point>
  </Placemark>
  <Placemark>
	<ExtendedData><SchemaData schemaUrl="#HCC_Bus_Stops">
		<SimpleData name="stop_id">7005019</SimpleData>
		<SimpleData name="stop_name">Fahan School, Sandy Bay Rd</SimpleData>
		<SimpleData name="location_type">0</SimpleData>
		<SimpleData name="wheelchair_boarding">0</SimpleData>
		<SimpleData name="agency_name">Department of State Growth</SimpleData>
	</SchemaData></ExtendedData>
      <Point><coordinates>147.353196,-42.912156</coordinates></Point>
  </Placemark>
  <Placemark>
	<ExtendedData><SchemaData schemaUrl="#HCC_Bus_Stops">
		<SimpleData name="stop_id">7005020</SimpleData>
		<SimpleData name="stop_name">Sandy Bay Rd opp Alexandra Battery Park</SimpleData>
		<SimpleData name="location_type">0</SimpleData>
		<SimpleData name="wheelchair_boarding">0</SimpleData>
		<SimpleData name="agency_name">Department of State Growth</SimpleData>
	</SchemaData></ExtendedData>
      <Point><coordinates>147.358859,-42.916027</coordinates></Point>
  </Placemark>
  <Placemark>
	<ExtendedData><SchemaData schemaUrl="#HCC_Bus_Stops">
		<SimpleData name="stop_id">7005021</SimpleData>
		<SimpleData name="stop_name">Churchill Av at Red Chapel Av</SimpleData>
		<SimpleData name="location_type">0</SimpleData>
		<SimpleData name="wheelchair_boarding">0</SimpleData>
		<SimpleData name="agency_name">Department of State Growth</SimpleData>
	</SchemaData></ExtendedData>
      <Point><coordinates>147.343065,-42.914958</coordinates></Point>
  </Placemark>
  <Placemark>
	<ExtendedData><SchemaData schemaUrl="#HCC_Bus_Stops">
		<SimpleData name="stop_id">7005022</SimpleData>
		<SimpleData name="stop_name">Churchill Av before Ascot Av</SimpleData>
		<SimpleData name="location_type">0</SimpleData>
		<SimpleData name="wheelchair_boarding">0</SimpleData>
		<SimpleData name="agency_name">Department of State Growth</SimpleData>
	</SchemaData></ExtendedData>
      <Point><coordinates>147.34516,-42.916718</coordinates></Point>
  </Placemark>
  <Placemark>
	<ExtendedData><SchemaData schemaUrl="#HCC_Bus_Stops">
		<SimpleData name="stop_id">7005023</SimpleData>
		<SimpleData name="stop_name">Sandy Bay Rd opp Long Beach</SimpleData>
		<SimpleData name="location_type">0</SimpleData>
		<SimpleData name="wheelchair_boarding">0</SimpleData>
		<SimpleData name="agency_name">Department of State Growth</SimpleData>
	</SchemaData></ExtendedData>
      <Point><coordinates>147.356104,-42.913645</coordinates></Point>
  </Placemark>
  <Placemark>
	<ExtendedData><SchemaData schemaUrl="#HCC_Bus_Stops">
		<SimpleData name="stop_id">7005024</SimpleData>
		<SimpleData name="stop_name">Sandy Bay Rd opp O'Conor Ct</SimpleData>
		<SimpleData name="location_type">0</SimpleData>
		<SimpleData name="wheelchair_boarding">0</SimpleData>
		<SimpleData name="agency_name">Department of State Growth</SimpleData>
	</SchemaData></ExtendedData>
      <Point><coordinates>147.360084,-42.921216</coordinates></Point>
  </Placemark>
  <Placemark>
	<ExtendedData><SchemaData schemaUrl="#HCC_Bus_Stops">
		<SimpleData name="stop_id">7005025</SimpleData>
		<SimpleData name="stop_name">Churchill Av after Nicholas Dr</SimpleData>
		<SimpleData name="location_type">0</SimpleData>
		<SimpleData name="wheelchair_boarding">0</SimpleData>
		<SimpleData name="agency_name">Department of State Growth</SimpleData>
	</SchemaData></ExtendedData>
      <Point><coordinates>147.347675,-42.91752</coordinates></Point>
  </Placemark>
  <Placemark>
	<ExtendedData><SchemaData schemaUrl="#HCC_Bus_Stops">
		<SimpleData name="stop_id">7005026</SimpleData>
		<SimpleData name="stop_name">Sandy Bay Rd before Churchill Av</SimpleData>
		<SimpleData name="location_type">0</SimpleData>
		<SimpleData name="wheelchair_boarding">0</SimpleData>
		<SimpleData name="agency_name">Department of State Growth</SimpleData>
	</SchemaData></ExtendedData>
      <Point><coordinates>147.359125,-42.917986</coordinates></Point>
  </Placemark>
  <Placemark>
	<ExtendedData><SchemaData schemaUrl="#HCC_Bus_Stops">
		<SimpleData name="stop_id">7005027</SimpleData>
		<SimpleData name="stop_name">Sandy Bay Rd before Mitah Cr</SimpleData>
		<SimpleData name="location_type">0</SimpleData>
		<SimpleData name="wheelchair_boarding">0</SimpleData>
		<SimpleData name="agency_name">Department of State Growth</SimpleData>
	</SchemaData></ExtendedData>
      <Point><coordinates>147.360528,-42.923822</coordinates></Point>
  </Placemark>
  <Placemark>
	<ExtendedData><SchemaData schemaUrl="#HCC_Bus_Stops">
		<SimpleData name="stop_id">7005028</SimpleData>
		<SimpleData name="stop_name">Churchill Av after Ascot Av</SimpleData>
		<SimpleData name="location_type">0</SimpleData>
		<SimpleData name="wheelchair_boarding">0</SimpleData>
		<SimpleData name="agency_name">Department of State Growth</SimpleData>
	</SchemaData></ExtendedData>
      <Point><coordinates>147.345276,-42.916648</coordinates></Point>
  </Placemark>
  <Placemark>
	<ExtendedData><SchemaData schemaUrl="#HCC_Bus_Stops">
		<SimpleData name="stop_id">7005029</SimpleData>
		<SimpleData name="stop_name">King St opp Parliament Street Reserve</SimpleData>
		<SimpleData name="location_type">0</SimpleData>
		<SimpleData name="wheelchair_boarding">0</SimpleData>
		<SimpleData name="agency_name">Department of State Growth</SimpleData>
	</SchemaData></ExtendedData>
      <Point><coordinates>147.322286,-42.895624</coordinates></Point>
  </Placemark>
  <Placemark>
	<ExtendedData><SchemaData schemaUrl="#HCC_Bus_Stops">
		<SimpleData name="stop_id">7005030</SimpleData>
		<SimpleData name="stop_name">UTAS, Sandy Bay Rd</SimpleData>
		<SimpleData name="location_type">0</SimpleData>
		<SimpleData name="wheelchair_boarding">0</SimpleData>
		<SimpleData name="agency_name">Department of State Growth</SimpleData>
	</SchemaData></ExtendedData>
      <Point><coordinates>147.330309,-42.899522</coordinates></Point>
  </Placemark>
  <Placemark>
	<ExtendedData><SchemaData schemaUrl="#HCC_Bus_Stops">
		<SimpleData name="stop_id">7005031</SimpleData>
		<SimpleData name="stop_name">Sandy Bay Road opp Mount Carmel College</SimpleData>
		<SimpleData name="location_type">0</SimpleData>
		<SimpleData name="wheelchair_boarding">0</SimpleData>
		<SimpleData name="agency_name">Department of State Growth</SimpleData>
	</SchemaData></ExtendedData>
      <Point><coordinates>147.333173,-42.901373</coordinates></Point>
  </Placemark>
  <Placemark>
	<ExtendedData><SchemaData schemaUrl="#HCC_Bus_Stops">
		<SimpleData name="stop_id">7005032</SimpleData>
		<SimpleData name="stop_name">Regent St after Lord St</SimpleData>
		<SimpleData name="location_type">0</SimpleData>
		<SimpleData name="wheelchair_boarding">0</SimpleData>
		<SimpleData name="agency_name">Department of State Growth</SimpleData>
	</SchemaData></ExtendedData>
      <Point><coordinates>147.324152,-42.898815</coordinates></Point>
  </Placemark>
  <Placemark>
	<ExtendedData><SchemaData schemaUrl="#HCC_Bus_Stops">
		<SimpleData name="stop_id">7005033</SimpleData>
		<SimpleData name="stop_name">Parliament Street Reserve, King St</SimpleData>
		<SimpleData name="location_type">0</SimpleData>
		<SimpleData name="wheelchair_boarding">0</SimpleData>
		<SimpleData name="agency_name">Department of State Growth</SimpleData>
	</SchemaData></ExtendedData>
      <Point><coordinates>147.322476,-42.895452</coordinates></Point>
  </Placemark>
  <Placemark>
	<ExtendedData><SchemaData schemaUrl="#HCC_Bus_Stops">
		<SimpleData name="stop_id">7005034</SimpleData>
		<SimpleData name="stop_name">Regent St at Duke St</SimpleData>
		<SimpleData name="location_type">0</SimpleData>
		<SimpleData name="wheelchair_boarding">0</SimpleData>
		<SimpleData name="agency_name">Department of State Growth</SimpleData>
	</SchemaData></ExtendedData>
      <Point><coordinates>147.324063,-42.898068</coordinates></Point>
  </Placemark>
  <Placemark>
	<ExtendedData><SchemaData schemaUrl="#HCC_Bus_Stops">
		<SimpleData name="stop_id">7005035</SimpleData>
		<SimpleData name="stop_name">King St at Lasswade Av</SimpleData>
		<SimpleData name="location_type">0</SimpleData>
		<SimpleData name="wheelchair_boarding">0</SimpleData>
		<SimpleData name="agency_name">Department of State Growth</SimpleData>
	</SchemaData></ExtendedData>
      <Point><coordinates>147.320073,-42.896462</coordinates></Point>
  </Placemark>
  <Placemark>
	<ExtendedData><SchemaData schemaUrl="#HCC_Bus_Stops">
		<SimpleData name="stop_id">7005036</SimpleData>
		<SimpleData name="stop_name">Wrest Point, Sandy Bay Rd</SimpleData>
		<SimpleData name="location_type">0</SimpleData>
		<SimpleData name="wheelchair_boarding">0</SimpleData>
		<SimpleData name="agency_name">Department of State Growth</SimpleData>
	</SchemaData></ExtendedData>
      <Point><coordinates>147.336069,-42.903017</coordinates></Point>
  </Placemark>
  <Placemark>
	<ExtendedData><SchemaData schemaUrl="#HCC_Bus_Stops">
		<SimpleData name="stop_id">7005037</SimpleData>
		<SimpleData name="stop_name">King St before Parliament St</SimpleData>
		<SimpleData name="location_type">0</SimpleData>
		<SimpleData name="wheelchair_boarding">0</SimpleData>
		<SimpleData name="agency_name">Department of State Growth</SimpleData>
	</SchemaData></ExtendedData>
      <Point><coordinates>147.320347,-42.896063</coordinates></Point>
  </Placemark>
  <Placemark>
	<ExtendedData><SchemaData schemaUrl="#HCC_Bus_Stops">
		<SimpleData name="stop_id">7005038</SimpleData>
		<SimpleData name="stop_name">UTAS, Churchill Av, TUSA Building</SimpleData>
		<SimpleData name="location_type">0</SimpleData>
		<SimpleData name="wheelchair_boarding">0</SimpleData>
		<SimpleData name="agency_name">Department of State Growth</SimpleData>
	</SchemaData></ExtendedData>
      <Point><coordinates>147.325268,-42.902384</coordinates></Point>
  </Placemark>
  <Placemark>
	<ExtendedData><SchemaData schemaUrl="#HCC_Bus_Stops">
		<SimpleData name="stop_id">7005039</SimpleData>
		<SimpleData name="stop_name">UTAS, Churchill Av, Chemistry Building</SimpleData>
		<SimpleData name="location_type">0</SimpleData>
		<SimpleData name="wheelchair_boarding">0</SimpleData>
		<SimpleData name="agency_name">Department of State Growth</SimpleData>
	</SchemaData></ExtendedData>
      <Point><coordinates>147.325299,-42.902654</coordinates></Point>
  </Placemark>
  <Placemark>
	<ExtendedData><SchemaData schemaUrl="#HCC_Bus_Stops">
		<SimpleData name="stop_id">7005040</SimpleData>
		<SimpleData name="stop_name">King St after Pillinger St</SimpleData>
		<SimpleData name="location_type">0</SimpleData>
		<SimpleData name="wheelchair_boarding">0</SimpleData>
		<SimpleData name="agency_name">Department of State Growth</SimpleData>
	</SchemaData></ExtendedData>
      <Point><coordinates>147.318827,-42.897124</coordinates></Point>
  </Placemark>
  <Placemark>
	<ExtendedData><SchemaData schemaUrl="#HCC_Bus_Stops">
		<SimpleData name="stop_id">7005041</SimpleData>
		<SimpleData name="stop_name">King St opp Pillinger St</SimpleData>
		<SimpleData name="location_type">0</SimpleData>
		<SimpleData name="wheelchair_boarding">0</SimpleData>
		<SimpleData name="agency_name">Department of State Growth</SimpleData>
	</SchemaData></ExtendedData>
      <Point><coordinates>147.318346,-42.897706</coordinates></Point>
  </Placemark>
  <Placemark>
	<ExtendedData><SchemaData schemaUrl="#HCC_Bus_Stops">
		<SimpleData name="stop_id">7005042</SimpleData>
		<SimpleData name="stop_name">Sandy Bay Rd opp Wrest Point</SimpleData>
		<SimpleData name="location_type">0</SimpleData>
		<SimpleData name="wheelchair_boarding">0</SimpleData>
		<SimpleData name="agency_name">Department of State Growth</SimpleData>
	</SchemaData></ExtendedData>
      <Point><coordinates>147.33622,-42.903308</coordinates></Point>
  </Placemark>
  <Placemark>
	<ExtendedData><SchemaData schemaUrl="#HCC_Bus_Stops">
		<SimpleData name="stop_id">7005043</SimpleData>
		<SimpleData name="stop_name">Sandy Bay Rd opp Waimea Av</SimpleData>
		<SimpleData name="location_type">0</SimpleData>
		<SimpleData name="wheelchair_boarding">0</SimpleData>
		<SimpleData name="agency_name">Department of State Growth</SimpleData>
	</SchemaData></ExtendedData>
      <Point><coordinates>147.339327,-42.905295</coordinates></Point>
  </Placemark>
  <Placemark>
	<ExtendedData><SchemaData schemaUrl="#HCC_Bus_Stops">
		<SimpleData name="stop_id">7005044</SimpleData>
		<SimpleData name="stop_name">UTAS, Churchill Av, Life Sciences Building</SimpleData>
		<SimpleData name="location_type">0</SimpleData>
		<SimpleData name="wheelchair_boarding">0</SimpleData>
		<SimpleData name="agency_name">Department of State Growth</SimpleData>
	</SchemaData></ExtendedData>
      <Point><coordinates>147.325766,-42.904836</coordinates></Point>
  </Placemark>
  <Placemark>
	<ExtendedData><SchemaData schemaUrl="#HCC_Bus_Stops">
		<SimpleData name="stop_id">7005045</SimpleData>
		<SimpleData name="stop_name">UTAS, Churchill Av, School of Humanities</SimpleData>
		<SimpleData name="location_type">0</SimpleData>
		<SimpleData name="wheelchair_boarding">0</SimpleData>
		<SimpleData name="agency_name">Department of State Growth</SimpleData>
	</SchemaData></ExtendedData>
      <Point><coordinates>147.326152,-42.904947</coordinates></Point>
  </Placemark>
  <Placemark>
	<ExtendedData><SchemaData schemaUrl="#HCC_Bus_Stops">
		<SimpleData name="stop_id">7005046</SimpleData>
		<SimpleData name="stop_name">Princes Street Primary School, Proctors Rd</SimpleData>
		<SimpleData name="location_type">0</SimpleData>
		<SimpleData name="wheelchair_boarding">0</SimpleData>
		<SimpleData name="agency_name">Department of State Growth</SimpleData>
	</SchemaData></ExtendedData>
      <Point><coordinates>147.317106,-42.898992</coordinates></Point>
  </Placemark>
  <Placemark>
	<ExtendedData><SchemaData schemaUrl="#HCC_Bus_Stops">
		<SimpleData name="stop_id">7005047</SimpleData>
		<SimpleData name="stop_name">Sandy Bay Rd after Ethelmont Rd</SimpleData>
		<SimpleData name="location_type">0</SimpleData>
		<SimpleData name="wheelchair_boarding">0</SimpleData>
		<SimpleData name="agency_name">Department of State Growth</SimpleData>
	</SchemaData></ExtendedData>
      <Point><coordinates>147.338829,-42.90518</coordinates></Point>
  </Placemark>
  <Placemark>
	<ExtendedData><SchemaData schemaUrl="#HCC_Bus_Stops">
		<SimpleData name="stop_id">7005048</SimpleData>
		<SimpleData name="stop_name">Sandy Bay Rd after Maning Av</SimpleData>
		<SimpleData name="location_type">0</SimpleData>
		<SimpleData name="wheelchair_boarding">0</SimpleData>
		<SimpleData name="agency_name">Department of State Growth</SimpleData>
	</SchemaData></ExtendedData>
      <Point><coordinates>147.34341,-42.90745</coordinates></Point>
  </Placemark>
  <Placemark>
	<ExtendedData><SchemaData schemaUrl="#HCC_Bus_Stops">
		<SimpleData name="stop_id">7005049</SimpleData>
		<SimpleData name="stop_name">Proctors Rd at Reynold Ct</SimpleData>
		<SimpleData name="location_type">0</SimpleData>
		<SimpleData name="wheelchair_boarding">0</SimpleData>
		<SimpleData name="agency_name">Department of State Growth</SimpleData>
	</SchemaData></ExtendedData>
      <Point><coordinates>147.317082,-42.901021</coordinates></Point>
  </Placemark>
  <Placemark>
	<ExtendedData><SchemaData schemaUrl="#HCC_Bus_Stops">
		<SimpleData name="stop_id">7005050</SimpleData>
		<SimpleData name="stop_name">Churchill Av before Goodhart Pl</SimpleData>
		<SimpleData name="location_type">0</SimpleData>
		<SimpleData name="wheelchair_boarding">0</SimpleData>
		<SimpleData name="agency_name">Department of State Growth</SimpleData>
	</SchemaData></ExtendedData>
      <Point><coordinates>147.331352,-42.908441</coordinates></Point>
  </Placemark>
  <Placemark>
	<ExtendedData><SchemaData schemaUrl="#HCC_Bus_Stops">
		<SimpleData name="stop_id">7005051</SimpleData>
		<SimpleData name="stop_name">Proctors Rd opp Reynolds Ct</SimpleData>
		<SimpleData name="location_type">0</SimpleData>
		<SimpleData name="wheelchair_boarding">0</SimpleData>
		<SimpleData name="agency_name">Department of State Growth</SimpleData>
	</SchemaData></ExtendedData>
      <Point><coordinates>147.317224,-42.900945</coordinates></Point>
  </Placemark>
  <Placemark>
	<ExtendedData><SchemaData schemaUrl="#HCC_Bus_Stops">
		<SimpleData name="stop_id">7005052</SimpleData>
		<SimpleData name="stop_name">Churchill Av after Derwentwater Av</SimpleData>
		<SimpleData name="location_type">0</SimpleData>
		<SimpleData name="wheelchair_boarding">0</SimpleData>
		<SimpleData name="agency_name">Department of State Growth</SimpleData>
	</SchemaData></ExtendedData>
      <Point><coordinates>147.33258,-42.90876</coordinates></Point>
  </Placemark>
  <Placemark>
	<ExtendedData><SchemaData schemaUrl="#HCC_Bus_Stops">
		<SimpleData name="stop_id">7005053</SimpleData>
		<SimpleData name="stop_name">Sandy Bay Rd after Mawhera Av</SimpleData>
		<SimpleData name="location_type">0</SimpleData>
		<SimpleData name="wheelchair_boarding">0</SimpleData>
		<SimpleData name="agency_name">Department of State Growth</SimpleData>
	</SchemaData></ExtendedData>
      <Point><coordinates>147.343387,-42.907649</coordinates></Point>
  </Placemark>
  <Placemark>
	<ExtendedData><SchemaData schemaUrl="#HCC_Bus_Stops">
		<SimpleData name="stop_id">7005054</SimpleData>
		<SimpleData name="stop_name">Sandy Bay Infant School, Sandy Bay Rd</SimpleData>
		<SimpleData name="location_type">0</SimpleData>
		<SimpleData name="wheelchair_boarding">0</SimpleData>
		<SimpleData name="agency_name">Department of State Growth</SimpleData>
	</SchemaData></ExtendedData>
      <Point><coordinates>147.348445,-42.909515</coordinates></Point>
  </Placemark>
  <Placemark>
	<ExtendedData><SchemaData schemaUrl="#HCC_Bus_Stops">
		<SimpleData name="stop_id">7005055</SimpleData>
		<SimpleData name="stop_name">Churchill Av opp Waimea Heights Primary School</SimpleData>
		<SimpleData name="location_type">0</SimpleData>
		<SimpleData name="wheelchair_boarding">0</SimpleData>
		<SimpleData name="agency_name">Department of State Growth</SimpleData>
	</SchemaData></ExtendedData>
      <Point><coordinates>147.334314,-42.910675</coordinates></Point>
  </Placemark>
  <Placemark>
	<ExtendedData><SchemaData schemaUrl="#HCC_Bus_Stops">
		<SimpleData name="stop_id">7005056</SimpleData>
		<SimpleData name="stop_name">Proctors Rd at View St</SimpleData>
		<SimpleData name="location_type">0</SimpleData>
		<SimpleData name="wheelchair_boarding">0</SimpleData>
		<SimpleData name="agency_name">Department of State Growth</SimpleData>
	</SchemaData></ExtendedData>
      <Point><coordinates>147.318511,-42.902035</coordinates></Point>
  </Placemark>
  <Placemark>
	<ExtendedData><SchemaData schemaUrl="#HCC_Bus_Stops">
		<SimpleData name="stop_id">7005057</SimpleData>
		<SimpleData name="stop_name">Proctors Rd opp View St</SimpleData>
		<SimpleData name="location_type">0</SimpleData>
		<SimpleData name="wheelchair_boarding">0</SimpleData>
		<SimpleData name="agency_name">Department of State Growth</SimpleData>
	</SchemaData></ExtendedData>
      <Point><coordinates>147.318432,-42.902155</coordinates></Point>
  </Placemark>
  <Placemark>
	<ExtendedData><SchemaData schemaUrl="#HCC_Bus_Stops">
		<SimpleData name="stop_id">7005058</SimpleData>
		<SimpleData name="stop_name">Sandy Bay Rd after Lipscombe Av</SimpleData>
		<SimpleData name="location_type">0</SimpleData>
		<SimpleData name="wheelchair_boarding">0</SimpleData>
		<SimpleData name="agency_name">Department of State Growth</SimpleData>
	</SchemaData></ExtendedData>
      <Point><coordinates>147.346491,-42.908907</coordinates></Point>
  </Placemark>
  <Placemark>
	<ExtendedData><SchemaData schemaUrl="#HCC_Bus_Stops">
		<SimpleData name="stop_id">7005059</SimpleData>
		<SimpleData name="stop_name">Sandy Bay Rd opp Fahan School</SimpleData>
		<SimpleData name="location_type">0</SimpleData>
		<SimpleData name="wheelchair_boarding">0</SimpleData>
		<SimpleData name="agency_name">Department of State Growth</SimpleData>
	</SchemaData></ExtendedData>
      <Point><coordinates>147.353234,-42.911978</coordinates></Point>
  </Placemark>
  <Placemark>
	<ExtendedData><SchemaData schemaUrl="#HCC_Bus_Stops">
		<SimpleData name="stop_id">7005060</SimpleData>
		<SimpleData name="stop_name">Waimea Heights Primary School, Churchill Av</SimpleData>
		<SimpleData name="location_type">0</SimpleData>
		<SimpleData name="wheelchair_boarding">0</SimpleData>
		<SimpleData name="agency_name">Department of State Growth</SimpleData>
	</SchemaData></ExtendedData>
      <Point><coordinates>147.3344,-42.910591</coordinates></Point>
  </Placemark>
  <Placemark>
	<ExtendedData><SchemaData schemaUrl="#HCC_Bus_Stops">
		<SimpleData name="stop_id">7005061</SimpleData>
		<SimpleData name="stop_name">Churchill Av opp Fahan School</SimpleData>
		<SimpleData name="location_type">0</SimpleData>
		<SimpleData name="wheelchair_boarding">0</SimpleData>
		<SimpleData name="agency_name">Department of State Growth</SimpleData>
	</SchemaData></ExtendedData>
      <Point><coordinates>147.350128,-42.918715</coordinates></Point>
  </Placemark>
  <Placemark>
	<ExtendedData><SchemaData schemaUrl="#HCC_Bus_Stops">
		<SimpleData name="stop_id">7005062</SimpleData>
		<SimpleData name="stop_name">Sandy Bay Rd at O'Conor Ct</SimpleData>
		<SimpleData name="location_type">0</SimpleData>
		<SimpleData name="wheelchair_boarding">0</SimpleData>
		<SimpleData name="agency_name">Department of State Growth</SimpleData>
	</SchemaData></ExtendedData>
      <Point><coordinates>147.359904,-42.921234</coordinates></Point>
  </Placemark>
  <Placemark>
	<ExtendedData><SchemaData schemaUrl="#HCC_Bus_Stops">
		<SimpleData name="stop_id">7005063</SimpleData>
		<SimpleData name="stop_name">Churchill Av at Lipscombe Av</SimpleData>
		<SimpleData name="location_type">0</SimpleData>
		<SimpleData name="wheelchair_boarding">0</SimpleData>
		<SimpleData name="agency_name">Department of State Growth</SimpleData>
	</SchemaData></ExtendedData>
      <Point><coordinates>147.347931,-42.917457</coordinates></Point>
  </Placemark>
  <Placemark>
	<ExtendedData><SchemaData schemaUrl="#HCC_Bus_Stops">
		<SimpleData name="stop_id">7005064</SimpleData>
		<SimpleData name="stop_name">Pearces Park, Sandy Bay Rd</SimpleData>
		<SimpleData name="location_type">0</SimpleData>
		<SimpleData name="wheelchair_boarding">0</SimpleData>
		<SimpleData name="agency_name">Department of State Growth</SimpleData>
	</SchemaData></ExtendedData>
      <Point><coordinates>147.360769,-42.927013</coordinates></Point>
  </Placemark>
  <Placemark>
	<ExtendedData><SchemaData schemaUrl="#HCC_Bus_Stops">
		<SimpleData name="stop_id">7005065</SimpleData>
		<SimpleData name="stop_name">Fahan School, Churchill Av</SimpleData>
		<SimpleData name="location_type">0</SimpleData>
		<SimpleData name="wheelchair_boarding">0</SimpleData>
		<SimpleData name="agency_name">Department of State Growth</SimpleData>
	</SchemaData></ExtendedData>
      <Point><coordinates>147.349356,-42.918137</coordinates></Point>
  </Placemark>
  <Placemark>
	<ExtendedData><SchemaData schemaUrl="#HCC_Bus_Stops">
		<SimpleData name="stop_id">7005066</SimpleData>
		<SimpleData name="stop_name">Churchill Av at Hatton Gardens</SimpleData>
		<SimpleData name="location_type">0</SimpleData>
		<SimpleData name="wheelchair_boarding">0</SimpleData>
		<SimpleData name="agency_name">Department of State Growth</SimpleData>
	</SchemaData></ExtendedData>
      <Point><coordinates>147.353492,-42.919641</coordinates></Point>
  </Placemark>
  <Placemark>
	<ExtendedData><SchemaData schemaUrl="#HCC_Bus_Stops">
		<SimpleData name="stop_id">7005067</SimpleData>
		<SimpleData name="stop_name">Sandy Bay Rd at Pauldon Dr</SimpleData>
		<SimpleData name="location_type">0</SimpleData>
		<SimpleData name="wheelchair_boarding">0</SimpleData>
		<SimpleData name="agency_name">Department of State Growth</SimpleData>
	</SchemaData></ExtendedData>
      <Point><coordinates>147.360086,-42.924736</coordinates></Point>
  </Placemark>
  <Placemark>
	<ExtendedData><SchemaData schemaUrl="#HCC_Bus_Stops">
		<SimpleData name="stop_id">7005068</SimpleData>
		<SimpleData name="stop_name">Churchill Av opp Hatton Gardens</SimpleData>
		<SimpleData name="location_type">0</SimpleData>
		<SimpleData name="wheelchair_boarding">0</SimpleData>
		<SimpleData name="agency_name">Department of State Growth</SimpleData>
	</SchemaData></ExtendedData>
      <Point><coordinates>147.353449,-42.919509</coordinates></Point>
  </Placemark>
  <Placemark>
	<ExtendedData><SchemaData schemaUrl="#HCC_Bus_Stops">
		<SimpleData name="stop_id">7005069</SimpleData>
		<SimpleData name="stop_name">Sandy Bay Rd before Pearces Park</SimpleData>
		<SimpleData name="location_type">0</SimpleData>
		<SimpleData name="wheelchair_boarding">0</SimpleData>
		<SimpleData name="agency_name">Department of State Growth</SimpleData>
	</SchemaData></ExtendedData>
      <Point><coordinates>147.359802,-42.92795</coordinates></Point>
  </Placemark>
  <Placemark>
	<ExtendedData><SchemaData schemaUrl="#HCC_Bus_Stops">
		<SimpleData name="stop_id">7005070</SimpleData>
		<SimpleData name="stop_name">Churchill Av before Sonning Cr</SimpleData>
		<SimpleData name="location_type">0</SimpleData>
		<SimpleData name="wheelchair_boarding">0</SimpleData>
		<SimpleData name="agency_name">Department of State Growth</SimpleData>
	</SchemaData></ExtendedData>
      <Point><coordinates>147.357646,-42.916763</coordinates></Point>
  </Placemark>
  <Placemark>
	<ExtendedData><SchemaData schemaUrl="#HCC_Bus_Stops">
		<SimpleData name="stop_id">7005071</SimpleData>
		<SimpleData name="stop_name">Churchill Av at Coolabah Rd</SimpleData>
		<SimpleData name="location_type">0</SimpleData>
		<SimpleData name="wheelchair_boarding">0</SimpleData>
		<SimpleData name="agency_name">Department of State Growth</SimpleData>
	</SchemaData></ExtendedData>
      <Point><coordinates>147.355451,-42.917505</coordinates></Point>
  </Placemark>
  <Placemark>
	<ExtendedData><SchemaData schemaUrl="#HCC_Bus_Stops">
		<SimpleData name="stop_id">7005072</SimpleData>
		<SimpleData name="stop_name">Churchill Av before Sandy Bay Rd</SimpleData>
		<SimpleData name="location_type">0</SimpleData>
		<SimpleData name="wheelchair_boarding">0</SimpleData>
		<SimpleData name="agency_name">Department of State Growth</SimpleData>
	</SchemaData></ExtendedData>
      <Point><coordinates>147.358346,-42.917135</coordinates></Point>
  </Placemark>
  <Placemark>
	<ExtendedData><SchemaData schemaUrl="#HCC_Bus_Stops">
		<SimpleData name="stop_id">7005073</SimpleData>
		<SimpleData name="stop_name">Sandy Bay Rd opp Magnet Ct</SimpleData>
		<SimpleData name="location_type">0</SimpleData>
		<SimpleData name="wheelchair_boarding">0</SimpleData>
		<SimpleData name="agency_name">Department of State Growth</SimpleData>
	</SchemaData></ExtendedData>
      <Point><coordinates>147.327507,-42.895351</coordinates></Point>
  </Placemark>
  <Placemark>
	<ExtendedData><SchemaData schemaUrl="#HCC_Bus_Stops">
		<SimpleData name="stop_id">7005074</SimpleData>
		<SimpleData name="stop_name">Sandy Bay Rd opp Duke St</SimpleData>
		<SimpleData name="location_type">0</SimpleData>
		<SimpleData name="wheelchair_boarding">0</SimpleData>
		<SimpleData name="agency_name">Department of State Growth</SimpleData>
	</SchemaData></ExtendedData>
      <Point><coordinates>147.329029,-42.897472</coordinates></Point>
  </Placemark>
  <Placemark>
	<ExtendedData><SchemaData schemaUrl="#HCC_Bus_Stops">
		<SimpleData name="stop_id">7005075</SimpleData>
		<SimpleData name="stop_name">Regent St before Fitzroy Pl</SimpleData>
		<SimpleData name="location_type">0</SimpleData>
		<SimpleData name="wheelchair_boarding">0</SimpleData>
		<SimpleData name="agency_name">Department of State Growth</SimpleData>
	</SchemaData></ExtendedData>
      <Point><coordinates>147.322579,-42.893682</coordinates></Point>
  </Placemark>
  <Placemark>
	<ExtendedData><SchemaData schemaUrl="#HCC_Bus_Stops">
		<SimpleData name="stop_id">7005076</SimpleData>
		<SimpleData name="stop_name">Regent St before Queen St</SimpleData>
		<SimpleData name="location_type">0</SimpleData>
		<SimpleData name="wheelchair_boarding">0</SimpleData>
		<SimpleData name="agency_name">Department of State Growth</SimpleData>
	</SchemaData></ExtendedData>
      <Point><coordinates>147.322868,-42.89409</coordinates></Point>
  </Placemark>
  <Placemark>
	<ExtendedData><SchemaData schemaUrl="#HCC_Bus_Stops">
		<SimpleData name="stop_id">7005077</SimpleData>
		<SimpleData name="stop_name">Sandy Bay Rd at Duke St</SimpleData>
		<SimpleData name="location_type">0</SimpleData>
		<SimpleData name="wheelchair_boarding">0</SimpleData>
		<SimpleData name="agency_name">Department of State Growth</SimpleData>
	</SchemaData></ExtendedData>
      <Point><coordinates>147.328661,-42.897104</coordinates></Point>
  </Placemark>
  <Placemark>
	<ExtendedData><SchemaData schemaUrl="#HCC_Bus_Stops">
		<SimpleData name="stop_id">7005078</SimpleData>
		<SimpleData name="stop_name">Sandy Bay Rd opp UTAS</SimpleData>
		<SimpleData name="location_type">0</SimpleData>
		<SimpleData name="wheelchair_boarding">0</SimpleData>
		<SimpleData name="agency_name">Department of State Growth</SimpleData>
	</SchemaData></ExtendedData>
      <Point><coordinates>147.330708,-42.89964</coordinates></Point>
  </Placemark>
  <Placemark>
	<ExtendedData><SchemaData schemaUrl="#HCC_Bus_Stops">
		<SimpleData name="stop_id">7005079</SimpleData>
		<SimpleData name="stop_name">Regent St after Princes St</SimpleData>
		<SimpleData name="location_type">0</SimpleData>
		<SimpleData name="wheelchair_boarding">0</SimpleData>
		<SimpleData name="agency_name">Department of State Growth</SimpleData>
	</SchemaData></ExtendedData>
      <Point><coordinates>147.323436,-42.896577</coordinates></Point>
  </Placemark>
  <Placemark>
	<ExtendedData><SchemaData schemaUrl="#HCC_Bus_Stops">
		<SimpleData name="stop_id">7005080</SimpleData>
		<SimpleData name="stop_name">Sandy Bay Rd opp Albuera Street Primary School</SimpleData>
		<SimpleData name="location_type">0</SimpleData>
		<SimpleData name="wheelchair_boarding">0</SimpleData>
		<SimpleData name="agency_name">Department of State Growth</SimpleData>
	</SchemaData></ExtendedData>
      <Point><coordinates>147.326297,-42.892335</coordinates></Point>
  </Placemark>
  <Placemark>
	<ExtendedData><SchemaData schemaUrl="#HCC_Bus_Stops">
		<SimpleData name="stop_id">7005081</SimpleData>
		<SimpleData name="stop_name">Sandy Bay Rd after Queen St</SimpleData>
		<SimpleData name="location_type">0</SimpleData>
		<SimpleData name="wheelchair_boarding">0</SimpleData>
		<SimpleData name="agency_name">Department of State Growth</SimpleData>
	</SchemaData></ExtendedData>
      <Point><coordinates>147.325727,-42.893714</coordinates></Point>
  </Placemark>
  <Placemark>
	<ExtendedData><SchemaData schemaUrl="#HCC_Bus_Stops">
		<SimpleData name="stop_id">7005082</SimpleData>
		<SimpleData name="stop_name">Sandy Bay Rd at Magnet Ct</SimpleData>
		<SimpleData name="location_type">0</SimpleData>
		<SimpleData name="wheelchair_boarding">0</SimpleData>
		<SimpleData name="agency_name">Department of State Growth</SimpleData>
	</SchemaData></ExtendedData>
      <Point><coordinates>147.327842,-42.895316</coordinates></Point>
  </Placemark>
  <Placemark>
	<ExtendedData><SchemaData schemaUrl="#HCC_Bus_Stops">
		<SimpleData name="stop_id">7005083</SimpleData>
		<SimpleData name="stop_name">Proctors Rd opp Princes Street Primary School</SimpleData>
		<SimpleData name="location_type">0</SimpleData>
		<SimpleData name="wheelchair_boarding">0</SimpleData>
		<SimpleData name="agency_name">Department of State Growth</SimpleData>
	</SchemaData></ExtendedData>
      <Point><coordinates>147.316845,-42.899142</coordinates></Point>
  </Placemark>
  <Placemark>
	<ExtendedData><SchemaData schemaUrl="#HCC_Bus_Stops">
		<SimpleData name="stop_id">7005084</SimpleData>
		<SimpleData name="stop_name">Churchill Av before Dalkeith Ct</SimpleData>
		<SimpleData name="location_type">0</SimpleData>
		<SimpleData name="wheelchair_boarding">0</SimpleData>
		<SimpleData name="agency_name">Department of State Growth</SimpleData>
	</SchemaData></ExtendedData>
      <Point><coordinates>147.340868,-42.913606</coordinates></Point>
  </Placemark>
  <Placemark>
	<ExtendedData><SchemaData schemaUrl="#HCC_Bus_Stops">
		<SimpleData name="stop_id">7005085</SimpleData>
		<SimpleData name="stop_name">Cartwright Point Reserve, Sandy Bay Rd</SimpleData>
		<SimpleData name="location_type">0</SimpleData>
		<SimpleData name="wheelchair_boarding">0</SimpleData>
		<SimpleData name="agency_name">Department of State Growth</SimpleData>
	</SchemaData></ExtendedData>
      <Point><coordinates>147.359609,-42.929821</coordinates></Point>
  </Placemark>
  <Placemark>
	<ExtendedData><SchemaData schemaUrl="#HCC_Bus_Stops">
		<SimpleData name="stop_id">7005086</SimpleData>
		<SimpleData name="stop_name">Churchill Av opp Coolabah Rd</SimpleData>
		<SimpleData name="location_type">0</SimpleData>
		<SimpleData name="wheelchair_boarding">0</SimpleData>
		<SimpleData name="agency_name">Department of State Growth</SimpleData>
	</SchemaData></ExtendedData>
      <Point><coordinates>147.355605,-42.917579</coordinates></Point>
  </Placemark>
  <Placemark>
	<ExtendedData><SchemaData schemaUrl="#HCC_Bus_Stops">
		<SimpleData name="stop_id">7007001</SimpleData>
		<SimpleData name="stop_name">Hobart College, services to Hobart City</SimpleData>
		<SimpleData name="location_type">0</SimpleData>
		<SimpleData name="wheelchair_boarding">0</SimpleData>
		<SimpleData name="agency_name">Department of State Growth</SimpleData>
	</SchemaData></ExtendedData>
      <Point><coordinates>147.31764,-42.918109</coordinates></Point>
  </Placemark>
  <Placemark>
	<ExtendedData><SchemaData schemaUrl="#HCC_Bus_Stops">
		<SimpleData name="stop_id">7007002</SimpleData>
		<SimpleData name="stop_name">Hobart College, services to Kingston</SimpleData>
		<SimpleData name="location_type">0</SimpleData>
		<SimpleData name="wheelchair_boarding">0</SimpleData>
		<SimpleData name="agency_name">Department of State Growth</SimpleData>
	</SchemaData></ExtendedData>
      <Point><coordinates>147.317877,-42.918021</coordinates></Point>
  </Placemark>
  <Placemark>
	<ExtendedData><SchemaData schemaUrl="#HCC_Bus_Stops">
		<SimpleData name="stop_id">7007003</SimpleData>
		<SimpleData name="stop_name">Hobart College, services to Channel</SimpleData>
		<SimpleData name="location_type">0</SimpleData>
		<SimpleData name="wheelchair_boarding">0</SimpleData>
		<SimpleData name="agency_name">Department of State Growth</SimpleData>
	</SchemaData></ExtendedData>
      <Point><coordinates>147.31852,-42.917872</coordinates></Point>
  </Placemark>
  <Placemark>
	<ExtendedData><SchemaData schemaUrl="#HCC_Bus_Stops">
		<SimpleData name="stop_id">7007004</SimpleData>
		<SimpleData name="stop_name">Mount Nelson Signal Station, Nelson Rd</SimpleData>
		<SimpleData name="location_type">0</SimpleData>
		<SimpleData name="wheelchair_boarding">0</SimpleData>
		<SimpleData name="agency_name">Department of State Growth</SimpleData>
	</SchemaData></ExtendedData>
      <Point><coordinates>147.342643,-42.924627</coordinates></Point>
  </Placemark>
  <Placemark>
	<ExtendedData><SchemaData schemaUrl="#HCC_Bus_Stops">
		<SimpleData name="stop_id">7007005</SimpleData>
		<SimpleData name="stop_name">Woodcutters Rd opp Pulchella Dr</SimpleData>
		<SimpleData name="location_type">0</SimpleData>
		<SimpleData name="wheelchair_boarding">0</SimpleData>
		<SimpleData name="agency_name">Department of State Growth</SimpleData>
	</SchemaData></ExtendedData>
      <Point><coordinates>147.305412,-42.90944</coordinates></Point>
  </Placemark>
  <Placemark>
	<ExtendedData><SchemaData schemaUrl="#HCC_Bus_Stops">
		<SimpleData name="stop_id">7007006</SimpleData>
		<SimpleData name="stop_name">Nelson Rd before Bligh Ct</SimpleData>
		<SimpleData name="location_type">0</SimpleData>
		<SimpleData name="wheelchair_boarding">0</SimpleData>
		<SimpleData name="agency_name">Department of State Growth</SimpleData>
	</SchemaData></ExtendedData>
      <Point><coordinates>147.3318,-42.925537</coordinates></Point>
  </Placemark>
  <Placemark>
	<ExtendedData><SchemaData schemaUrl="#HCC_Bus_Stops">
		<SimpleData name="stop_id">7007007</SimpleData>
		<SimpleData name="stop_name">Nelson Rd at Broughton Av</SimpleData>
		<SimpleData name="location_type">0</SimpleData>
		<SimpleData name="wheelchair_boarding">0</SimpleData>
		<SimpleData name="agency_name">Department of State Growth</SimpleData>
	</SchemaData></ExtendedData>
      <Point><coordinates>147.333813,-42.926193</coordinates></Point>
  </Placemark>
  <Placemark>
	<ExtendedData><SchemaData schemaUrl="#HCC_Bus_Stops">
		<SimpleData name="stop_id">7007008</SimpleData>
		<SimpleData name="stop_name">Nelson Rd at Richmond Pde</SimpleData>
		<SimpleData name="location_type">0</SimpleData>
		<SimpleData name="wheelchair_boarding">0</SimpleData>
		<SimpleData name="agency_name">Department of State Growth</SimpleData>
	</SchemaData></ExtendedData>
      <Point><coordinates>147.328133,-42.907978</coordinates></Point>
  </Placemark>
  <Placemark>
	<ExtendedData><SchemaData schemaUrl="#HCC_Bus_Stops">
		<SimpleData name="stop_id">7007009</SimpleData>
		<SimpleData name="stop_name">Woodcutters Rd before Hillcrest Rd</SimpleData>
		<SimpleData name="location_type">0</SimpleData>
		<SimpleData name="wheelchair_boarding">0</SimpleData>
		<SimpleData name="agency_name">Department of State Growth</SimpleData>
	</SchemaData></ExtendedData>
      <Point><coordinates>147.306354,-42.907404</coordinates></Point>
  </Placemark>
  <Placemark>
	<ExtendedData><SchemaData schemaUrl="#HCC_Bus_Stops">
		<SimpleData name="stop_id">7007010</SimpleData>
		<SimpleData name="stop_name">Olinda Gr opp Hobart College</SimpleData>
		<SimpleData name="location_type">0</SimpleData>
		<SimpleData name="wheelchair_boarding">0</SimpleData>
		<SimpleData name="agency_name">Department of State Growth</SimpleData>
	</SchemaData></ExtendedData>
      <Point><coordinates>147.319218,-42.917832</coordinates></Point>
  </Placemark>
  <Placemark>
	<ExtendedData><SchemaData schemaUrl="#HCC_Bus_Stops">
		<SimpleData name="stop_id">7007011</SimpleData>
		<SimpleData name="stop_name">opp 104 Woodcutters Rd</SimpleData>
		<SimpleData name="location_type">0</SimpleData>
		<SimpleData name="wheelchair_boarding">0</SimpleData>
		<SimpleData name="agency_name">Department of State Growth</SimpleData>
	</SchemaData></ExtendedData>
      <Point><coordinates>147.30956,-42.906443</coordinates></Point>
  </Placemark>
  <Placemark>
	<ExtendedData><SchemaData schemaUrl="#HCC_Bus_Stops">
		<SimpleData name="stop_id">7007012</SimpleData>
		<SimpleData name="stop_name">Hobart College, Olinda Gr</SimpleData>
		<SimpleData name="location_type">0</SimpleData>
		<SimpleData name="wheelchair_boarding">0</SimpleData>
		<SimpleData name="agency_name">Department of State Growth</SimpleData>
	</SchemaData></ExtendedData>
      <Point><coordinates>147.319964,-42.918474</coordinates></Point>
  </Placemark>
  <Placemark>
	<ExtendedData><SchemaData schemaUrl="#HCC_Bus_Stops">
		<SimpleData name="stop_id">7007013</SimpleData>
		<SimpleData name="stop_name">116 Nelson Rd</SimpleData>
		<SimpleData name="location_type">0</SimpleData>
		<SimpleData name="wheelchair_boarding">0</SimpleData>
		<SimpleData name="agency_name">Department of State Growth</SimpleData>
	</SchemaData></ExtendedData>
      <Point><coordinates>147.327569,-42.909134</coordinates></Point>
  </Placemark>
  <Placemark>
	<ExtendedData><SchemaData schemaUrl="#HCC_Bus_Stops">
		<SimpleData name="stop_id">7007014</SimpleData>
		<SimpleData name="stop_name">145 Nelson Rd</SimpleData>
		<SimpleData name="location_type">0</SimpleData>
		<SimpleData name="wheelchair_boarding">0</SimpleData>
		<SimpleData name="agency_name">Department of State Growth</SimpleData>
	</SchemaData></ExtendedData>
      <Point><coordinates>147.327248,-42.909119</coordinates></Point>
  </Placemark>
  <Placemark>
	<ExtendedData><SchemaData schemaUrl="#HCC_Bus_Stops">
		<SimpleData name="stop_id">7007015</SimpleData>
		<SimpleData name="stop_name">154 Nelson Rd</SimpleData>
		<SimpleData name="location_type">0</SimpleData>
		<SimpleData name="wheelchair_boarding">0</SimpleData>
		<SimpleData name="agency_name">Department of State Growth</SimpleData>
	</SchemaData></ExtendedData>
      <Point><coordinates>147.326172,-42.909146</coordinates></Point>
  </Placemark>
  <Placemark>
	<ExtendedData><SchemaData schemaUrl="#HCC_Bus_Stops">
		<SimpleData name="stop_id">7007016</SimpleData>
		<SimpleData name="stop_name">opp 156 Nelson Rd</SimpleData>
		<SimpleData name="location_type">0</SimpleData>
		<SimpleData name="wheelchair_boarding">0</SimpleData>
		<SimpleData name="agency_name">Department of State Growth</SimpleData>
	</SchemaData></ExtendedData>
      <Point><coordinates>147.326474,-42.909294</coordinates></Point>
  </Placemark>
  <Placemark>
	<ExtendedData><SchemaData schemaUrl="#HCC_Bus_Stops">
		<SimpleData name="stop_id">7007017</SimpleData>
		<SimpleData name="stop_name">opp 221 Nelson Rd</SimpleData>
		<SimpleData name="location_type">0</SimpleData>
		<SimpleData name="wheelchair_boarding">0</SimpleData>
		<SimpleData name="agency_name">Department of State Growth</SimpleData>
	</SchemaData></ExtendedData>
      <Point><coordinates>147.325978,-42.90991</coordinates></Point>
  </Placemark>
  <Placemark>
	<ExtendedData><SchemaData schemaUrl="#HCC_Bus_Stops">
		<SimpleData name="stop_id">7007018</SimpleData>
		<SimpleData name="stop_name">221 Nelson Rd</SimpleData>
		<SimpleData name="location_type">0</SimpleData>
		<SimpleData name="wheelchair_boarding">0</SimpleData>
		<SimpleData name="agency_name">Department of State Growth</SimpleData>
	</SchemaData></ExtendedData>
      <Point><coordinates>147.326049,-42.910032</coordinates></Point>
  </Placemark>
  <Placemark>
	<ExtendedData><SchemaData schemaUrl="#HCC_Bus_Stops">
		<SimpleData name="stop_id">7007019</SimpleData>
		<SimpleData name="stop_name">220 Nelson Rd</SimpleData>
		<SimpleData name="location_type">0</SimpleData>
		<SimpleData name="wheelchair_boarding">0</SimpleData>
		<SimpleData name="agency_name">Department of State Growth</SimpleData>
	</SchemaData></ExtendedData>
      <Point><coordinates>147.326023,-42.910888</coordinates></Point>
  </Placemark>
  <Placemark>
	<ExtendedData><SchemaData schemaUrl="#HCC_Bus_Stops">
		<SimpleData name="stop_id">7007020</SimpleData>
		<SimpleData name="stop_name">235 Nelson Rd</SimpleData>
		<SimpleData name="location_type">0</SimpleData>
		<SimpleData name="wheelchair_boarding">0</SimpleData>
		<SimpleData name="agency_name">Department of State Growth</SimpleData>
	</SchemaData></ExtendedData>
      <Point><coordinates>147.326113,-42.910801</coordinates></Point>
  </Placemark>
  <Placemark>
	<ExtendedData><SchemaData schemaUrl="#HCC_Bus_Stops">
		<SimpleData name="stop_id">7007021</SimpleData>
		<SimpleData name="stop_name">The Hutchins School, Churchill Av after Nelson Rd</SimpleData>
		<SimpleData name="location_type">0</SimpleData>
		<SimpleData name="wheelchair_boarding">0</SimpleData>
		<SimpleData name="agency_name">Department of State Growth</SimpleData>
	</SchemaData></ExtendedData>
      <Point><coordinates>147.329304,-42.906885</coordinates></Point>
  </Placemark>
  <Placemark>
	<ExtendedData><SchemaData schemaUrl="#HCC_Bus_Stops">
		<SimpleData name="stop_id">7007022</SimpleData>
		<SimpleData name="stop_name">The Hutchins School, Churchill Av at Nelson Rd</SimpleData>
		<SimpleData name="location_type">0</SimpleData>
		<SimpleData name="wheelchair_boarding">0</SimpleData>
		<SimpleData name="agency_name">Department of State Growth</SimpleData>
	</SchemaData></ExtendedData>
      <Point><coordinates>147.328419,-42.906234</coordinates></Point>
  </Placemark>
  <Placemark>
	<ExtendedData><SchemaData schemaUrl="#HCC_Bus_Stops">
		<SimpleData name="stop_id">7007023</SimpleData>
		<SimpleData name="stop_name">295 Nelson Rd</SimpleData>
		<SimpleData name="location_type">0</SimpleData>
		<SimpleData name="wheelchair_boarding">0</SimpleData>
		<SimpleData name="agency_name">Department of State Growth</SimpleData>
	</SchemaData></ExtendedData>
      <Point><coordinates>147.325599,-42.912384</coordinates></Point>
  </Placemark>
  <Placemark>
	<ExtendedData><SchemaData schemaUrl="#HCC_Bus_Stops">
		<SimpleData name="stop_id">7007024</SimpleData>
		<SimpleData name="stop_name">298 Nelson Rd</SimpleData>
		<SimpleData name="location_type">0</SimpleData>
		<SimpleData name="wheelchair_boarding">0</SimpleData>
		<SimpleData name="agency_name">Department of State Growth</SimpleData>
	</SchemaData></ExtendedData>
      <Point><coordinates>147.325625,-42.912221</coordinates></Point>
  </Placemark>
  <Placemark>
	<ExtendedData><SchemaData schemaUrl="#HCC_Bus_Stops">
		<SimpleData name="stop_id">7007025</SimpleData>
		<SimpleData name="stop_name">Nelson Rd opp Nelson Cl</SimpleData>
		<SimpleData name="location_type">0</SimpleData>
		<SimpleData name="wheelchair_boarding">0</SimpleData>
		<SimpleData name="agency_name">Department of State Growth</SimpleData>
	</SchemaData></ExtendedData>
      <Point><coordinates>147.327132,-42.924327</coordinates></Point>
  </Placemark>
  <Placemark>
	<ExtendedData><SchemaData schemaUrl="#HCC_Bus_Stops">
		<SimpleData name="stop_id">7007026</SimpleData>
		<SimpleData name="stop_name">Nelson Rd at Nelson Cl</SimpleData>
		<SimpleData name="location_type">0</SimpleData>
		<SimpleData name="wheelchair_boarding">0</SimpleData>
		<SimpleData name="agency_name">Department of State Growth</SimpleData>
	</SchemaData></ExtendedData>
      <Point><coordinates>147.327162,-42.924148</coordinates></Point>
  </Placemark>
  <Placemark>
	<ExtendedData><SchemaData schemaUrl="#HCC_Bus_Stops">
		<SimpleData name="stop_id">7007027</SimpleData>
		<SimpleData name="stop_name">Nelson Rd at Hargrave Pl</SimpleData>
		<SimpleData name="location_type">0</SimpleData>
		<SimpleData name="wheelchair_boarding">0</SimpleData>
		<SimpleData name="agency_name">Department of State Growth</SimpleData>
	</SchemaData></ExtendedData>
      <Point><coordinates>147.333875,-42.926066</coordinates></Point>
  </Placemark>
  <Placemark>
	<ExtendedData><SchemaData schemaUrl="#HCC_Bus_Stops">
		<SimpleData name="stop_id">7007028</SimpleData>
		<SimpleData name="stop_name">Nelson Rd after Hargrave Pl</SimpleData>
		<SimpleData name="location_type">0</SimpleData>
		<SimpleData name="wheelchair_boarding">0</SimpleData>
		<SimpleData name="agency_name">Department of State Growth</SimpleData>
	</SchemaData></ExtendedData>
      <Point><coordinates>147.337196,-42.926672</coordinates></Point>
  </Placemark>
  <Placemark>
	<ExtendedData><SchemaData schemaUrl="#HCC_Bus_Stops">
		<SimpleData name="stop_id">7007029</SimpleData>
		<SimpleData name="stop_name">651 Nelson Rd</SimpleData>
		<SimpleData name="location_type">0</SimpleData>
		<SimpleData name="wheelchair_boarding">0</SimpleData>
		<SimpleData name="agency_name">Department of State Growth</SimpleData>
	</SchemaData></ExtendedData>
      <Point><coordinates>147.3394,-42.925764</coordinates></Point>
  </Placemark>
  <Placemark>
	<ExtendedData><SchemaData schemaUrl="#HCC_Bus_Stops">
		<SimpleData name="stop_id">7007030</SimpleData>
		<SimpleData name="stop_name">Nelson Rd before Pauline Av</SimpleData>
		<SimpleData name="location_type">0</SimpleData>
		<SimpleData name="wheelchair_boarding">0</SimpleData>
		<SimpleData name="agency_name">Department of State Growth</SimpleData>
	</SchemaData></ExtendedData>
      <Point><coordinates>147.322761,-42.911885</coordinates></Point>
  </Placemark>
  <Placemark>
	<ExtendedData><SchemaData schemaUrl="#HCC_Bus_Stops">
		<SimpleData name="stop_id">7007031</SimpleData>
		<SimpleData name="stop_name">Nelson Rd after Pauline Av</SimpleData>
		<SimpleData name="location_type">0</SimpleData>
		<SimpleData name="wheelchair_boarding">0</SimpleData>
		<SimpleData name="agency_name">Department of State Growth</SimpleData>
	</SchemaData></ExtendedData>
      <Point><coordinates>147.322489,-42.911798</coordinates></Point>
  </Placemark>
  <Placemark>
	<ExtendedData><SchemaData schemaUrl="#HCC_Bus_Stops">
		<SimpleData name="stop_id">7007032</SimpleData>
		<SimpleData name="stop_name">Mount Nelson Primary School, Nelson Rd</SimpleData>
		<SimpleData name="location_type">0</SimpleData>
		<SimpleData name="wheelchair_boarding">0</SimpleData>
		<SimpleData name="agency_name">Department of State Growth</SimpleData>
	</SchemaData></ExtendedData>
      <Point><coordinates>147.323608,-42.913851</coordinates></Point>
  </Placemark>
  <Placemark>
	<ExtendedData><SchemaData schemaUrl="#HCC_Bus_Stops">
		<SimpleData name="stop_id">7007033</SimpleData>
		<SimpleData name="stop_name">Nelson Rd opp Mount Nelson Primary School</SimpleData>
		<SimpleData name="location_type">0</SimpleData>
		<SimpleData name="wheelchair_boarding">0</SimpleData>
		<SimpleData name="agency_name">Department of State Growth</SimpleData>
	</SchemaData></ExtendedData>
      <Point><coordinates>147.32369,-42.914094</coordinates></Point>
  </Placemark>
  <Placemark>
	<ExtendedData><SchemaData schemaUrl="#HCC_Bus_Stops">
		<SimpleData name="stop_id">7007034</SimpleData>
		<SimpleData name="stop_name">Nelson Rd opp Avondale Gr</SimpleData>
		<SimpleData name="location_type">0</SimpleData>
		<SimpleData name="wheelchair_boarding">0</SimpleData>
		<SimpleData name="agency_name">Department of State Growth</SimpleData>
	</SchemaData></ExtendedData>
      <Point><coordinates>147.324183,-42.915931</coordinates></Point>
  </Placemark>
  <Placemark>
	<ExtendedData><SchemaData schemaUrl="#HCC_Bus_Stops">
		<SimpleData name="stop_id">7007035</SimpleData>
		<SimpleData name="stop_name">Nelson Rd at Avondale Gr</SimpleData>
		<SimpleData name="location_type">0</SimpleData>
		<SimpleData name="wheelchair_boarding">0</SimpleData>
		<SimpleData name="agency_name">Department of State Growth</SimpleData>
	</SchemaData></ExtendedData>
      <Point><coordinates>147.324028,-42.916048</coordinates></Point>
  </Placemark>
  <Placemark>
	<ExtendedData><SchemaData schemaUrl="#HCC_Bus_Stops">
		<SimpleData name="stop_id">7007036</SimpleData>
		<SimpleData name="stop_name">Nelson Rd at Rialannah Rd</SimpleData>
		<SimpleData name="location_type">0</SimpleData>
		<SimpleData name="wheelchair_boarding">0</SimpleData>
		<SimpleData name="agency_name">Department of State Growth</SimpleData>
	</SchemaData></ExtendedData>
      <Point><coordinates>147.323837,-42.919344</coordinates></Point>
  </Placemark>
  <Placemark>
	<ExtendedData><SchemaData schemaUrl="#HCC_Bus_Stops">
		<SimpleData name="stop_id">7007037</SimpleData>
		<SimpleData name="stop_name">Nelson Rd before Olinda Gr</SimpleData>
		<SimpleData name="location_type">0</SimpleData>
		<SimpleData name="wheelchair_boarding">0</SimpleData>
		<SimpleData name="agency_name">Department of State Growth</SimpleData>
	</SchemaData></ExtendedData>
      <Point><coordinates>147.322955,-42.921053</coordinates></Point>
  </Placemark>
  <Placemark>
	<ExtendedData><SchemaData schemaUrl="#HCC_Bus_Stops">
		<SimpleData name="stop_id">7007038</SimpleData>
		<SimpleData name="stop_name">Nelson Rd after Olinda Gr</SimpleData>
		<SimpleData name="location_type">0</SimpleData>
		<SimpleData name="wheelchair_boarding">0</SimpleData>
		<SimpleData name="agency_name">Department of State Growth</SimpleData>
	</SchemaData></ExtendedData>
      <Point><coordinates>147.323163,-42.92096</coordinates></Point>
  </Placemark>
  <Placemark>
	<ExtendedData><SchemaData schemaUrl="#HCC_Bus_Stops">
		<SimpleData name="stop_id">7007039</SimpleData>
		<SimpleData name="stop_name">Woodcutters Rd opp Old Proctors Rd</SimpleData>
		<SimpleData name="location_type">0</SimpleData>
		<SimpleData name="wheelchair_boarding">0</SimpleData>
		<SimpleData name="agency_name">Department of State Growth</SimpleData>
	</SchemaData></ExtendedData>
      <Point><coordinates>147.307926,-42.914533</coordinates></Point>
  </Placemark>
  <Placemark>
	<ExtendedData><SchemaData schemaUrl="#HCC_Bus_Stops">
		<SimpleData name="stop_id">7007040</SimpleData>
		<SimpleData name="stop_name">Woodcutters Rd opp Hakea Dr</SimpleData>
		<SimpleData name="location_type">0</SimpleData>
		<SimpleData name="wheelchair_boarding">0</SimpleData>
		<SimpleData name="agency_name">Department of State Growth</SimpleData>
	</SchemaData></ExtendedData>
      <Point><coordinates>147.307686,-42.914828</coordinates></Point>
  </Placemark>
  <Placemark>
	<ExtendedData><SchemaData schemaUrl="#HCC_Bus_Stops">
		<SimpleData name="stop_id">7007041</SimpleData>
		<SimpleData name="stop_name">Woodcutters Rd at Pulchella Dr</SimpleData>
		<SimpleData name="location_type">0</SimpleData>
		<SimpleData name="wheelchair_boarding">0</SimpleData>
		<SimpleData name="agency_name">Department of State Growth</SimpleData>
	</SchemaData></ExtendedData>
      <Point><coordinates>147.305875,-42.909822</coordinates></Point>
  </Placemark>
  <Placemark>
	<ExtendedData><SchemaData schemaUrl="#HCC_Bus_Stops">
		<SimpleData name="stop_id">7007042</SimpleData>
		<SimpleData name="stop_name">Nelson Rd opp Richmond Pde</SimpleData>
		<SimpleData name="location_type">0</SimpleData>
		<SimpleData name="wheelchair_boarding">0</SimpleData>
		<SimpleData name="agency_name">Department of State Growth</SimpleData>
	</SchemaData></ExtendedData>
      <Point><coordinates>147.328031,-42.908055</coordinates></Point>
  </Placemark>
  <Placemark>
	<ExtendedData><SchemaData schemaUrl="#HCC_Bus_Stops">
		<SimpleData name="stop_id">7007048</SimpleData>
		<SimpleData name="stop_name">Hobart College, route 458 and X58</SimpleData>
		<SimpleData name="location_type">0</SimpleData>
		<SimpleData name="wheelchair_boarding">2</SimpleData>
		<SimpleData name="agency_name">Department of State Growth</SimpleData>
	</SchemaData></ExtendedData>
      <Point><coordinates>147.317455,-42.918296</coordinates></Point>
  </Placemark>
  <Placemark>
	<ExtendedData><SchemaData schemaUrl="#HCC_Bus_Stops">
		<SimpleData name="stop_id">7008001</SimpleData>
		<SimpleData name="stop_name">Hobart City High School, New Town Rd</SimpleData>
		<SimpleData name="location_type">0</SimpleData>
		<SimpleData name="wheelchair_boarding">0</SimpleData>
		<SimpleData name="agency_name">Department of State Growth</SimpleData>
	</SchemaData></ExtendedData>
      <Point><coordinates>147.300737,-42.853575</coordinates></Point>
  </Placemark>
  <Placemark>
	<ExtendedData><SchemaData schemaUrl="#HCC_Bus_Stops">
		<SimpleData name="stop_id">7008002</SimpleData>
		<SimpleData name="stop_name">Argyle St opp The Friends' School</SimpleData>
		<SimpleData name="location_type">0</SimpleData>
		<SimpleData name="wheelchair_boarding">0</SimpleData>
		<SimpleData name="agency_name">Department of State Growth</SimpleData>
	</SchemaData></ExtendedData>
      <Point><coordinates>147.312791,-42.865968</coordinates></Point>
  </Placemark>
  <Placemark>
	<ExtendedData><SchemaData schemaUrl="#HCC_Bus_Stops">
		<SimpleData name="stop_id">7008003</SimpleData>
		<SimpleData name="stop_name">New Town Rd before Cross St</SimpleData>
		<SimpleData name="location_type">0</SimpleData>
		<SimpleData name="wheelchair_boarding">0</SimpleData>
		<SimpleData name="agency_name">Department of State Growth</SimpleData>
	</SchemaData></ExtendedData>
      <Point><coordinates>147.304995,-42.859101</coordinates></Point>
  </Placemark>
  <Placemark>
	<ExtendedData><SchemaData schemaUrl="#HCC_Bus_Stops">
		<SimpleData name="stop_id">7008005</SimpleData>
		<SimpleData name="stop_name">New Town Rd after Stoke St</SimpleData>
		<SimpleData name="location_type">0</SimpleData>
		<SimpleData name="wheelchair_boarding">0</SimpleData>
		<SimpleData name="agency_name">Department of State Growth</SimpleData>
	</SchemaData></ExtendedData>
      <Point><coordinates>147.310932,-42.865226</coordinates></Point>
  </Placemark>
  <Placemark>
	<ExtendedData><SchemaData schemaUrl="#HCC_Bus_Stops">
		<SimpleData name="stop_id">7008006</SimpleData>
		<SimpleData name="stop_name">New Town Rd at Sunnyside Rd</SimpleData>
		<SimpleData name="location_type">0</SimpleData>
		<SimpleData name="wheelchair_boarding">0</SimpleData>
		<SimpleData name="agency_name">Department of State Growth</SimpleData>
	</SchemaData></ExtendedData>
      <Point><coordinates>147.310917,-42.863145</coordinates></Point>
  </Placemark>
  <Placemark>
	<ExtendedData><SchemaData schemaUrl="#HCC_Bus_Stops">
		<SimpleData name="stop_id">7008007</SimpleData>
		<SimpleData name="stop_name">New Town Rd at Roope St</SimpleData>
		<SimpleData name="location_type">0</SimpleData>
		<SimpleData name="wheelchair_boarding">0</SimpleData>
		<SimpleData name="agency_name">Department of State Growth</SimpleData>
	</SchemaData></ExtendedData>
      <Point><coordinates>147.306151,-42.859611</coordinates></Point>
  </Placemark>
  <Placemark>
	<ExtendedData><SchemaData schemaUrl="#HCC_Bus_Stops">
		<SimpleData name="stop_id">7008009</SimpleData>
		<SimpleData name="stop_name">New Town Rd before Hobart City High School</SimpleData>
		<SimpleData name="location_type">0</SimpleData>
		<SimpleData name="wheelchair_boarding">0</SimpleData>
		<SimpleData name="agency_name">Department of State Growth</SimpleData>
	</SchemaData></ExtendedData>
      <Point><coordinates>147.300362,-42.85306</coordinates></Point>
  </Placemark>
  <Placemark>
	<ExtendedData><SchemaData schemaUrl="#HCC_Bus_Stops">
		<SimpleData name="stop_id">7008010</SimpleData>
		<SimpleData name="stop_name">New Town Rd opp Hobart Netball and Sports Centre</SimpleData>
		<SimpleData name="location_type">0</SimpleData>
		<SimpleData name="wheelchair_boarding">0</SimpleData>
		<SimpleData name="agency_name">Department of State Growth</SimpleData>
	</SchemaData></ExtendedData>
      <Point><coordinates>147.298978,-42.85181</coordinates></Point>
  </Placemark>
  <Placemark>
	<ExtendedData><SchemaData schemaUrl="#HCC_Bus_Stops">
		<SimpleData name="stop_id">7008012</SimpleData>
		<SimpleData name="stop_name">New Town Rd before Pirie St</SimpleData>
		<SimpleData name="location_type">0</SimpleData>
		<SimpleData name="wheelchair_boarding">0</SimpleData>
		<SimpleData name="agency_name">Department of State Growth</SimpleData>
	</SchemaData></ExtendedData>
      <Point><coordinates>147.309729,-42.861409</coordinates></Point>
  </Placemark>
  <Placemark>
	<ExtendedData><SchemaData schemaUrl="#HCC_Bus_Stops">
		<SimpleData name="stop_id">7008013</SimpleData>
		<SimpleData name="stop_name">New Town Plaza, New Town Rd</SimpleData>
		<SimpleData name="location_type">0</SimpleData>
		<SimpleData name="wheelchair_boarding">0</SimpleData>
		<SimpleData name="agency_name">Department of State Growth</SimpleData>
	</SchemaData></ExtendedData>
      <Point><coordinates>147.303778,-42.856243</coordinates></Point>
  </Placemark>
  <Placemark>
	<ExtendedData><SchemaData schemaUrl="#HCC_Bus_Stops">
		<SimpleData name="stop_id">7008014</SimpleData>
		<SimpleData name="stop_name">New Town Rd after Pedder St</SimpleData>
		<SimpleData name="location_type">0</SimpleData>
		<SimpleData name="wheelchair_boarding">0</SimpleData>
		<SimpleData name="agency_name">Department of State Growth</SimpleData>
	</SchemaData></ExtendedData>
      <Point><coordinates>147.309102,-42.861234</coordinates></Point>
  </Placemark>
  <Placemark>
	<ExtendedData><SchemaData schemaUrl="#HCC_Bus_Stops">
		<SimpleData name="stop_id">7008016</SimpleData>
		<SimpleData name="stop_name">Hobart Netball and Sports Centre, New Town Rd</SimpleData>
		<SimpleData name="location_type">0</SimpleData>
		<SimpleData name="wheelchair_boarding">0</SimpleData>
		<SimpleData name="agency_name">Department of State Growth</SimpleData>
	</SchemaData></ExtendedData>
      <Point><coordinates>147.298663,-42.851723</coordinates></Point>
  </Placemark>
  <Placemark>
	<ExtendedData><SchemaData schemaUrl="#HCC_Bus_Stops">
		<SimpleData name="stop_id">7008017</SimpleData>
		<SimpleData name="stop_name">New Town Rd before Stoke St</SimpleData>
		<SimpleData name="location_type">0</SimpleData>
		<SimpleData name="wheelchair_boarding">0</SimpleData>
		<SimpleData name="agency_name">Department of State Growth</SimpleData>
	</SchemaData></ExtendedData>
      <Point><coordinates>147.310709,-42.865052</coordinates></Point>
  </Placemark>
  <Placemark>
	<ExtendedData><SchemaData schemaUrl="#HCC_Bus_Stops">
		<SimpleData name="stop_id">7008018</SimpleData>
		<SimpleData name="stop_name">New Town Rd after Augusta Rd</SimpleData>
		<SimpleData name="location_type">0</SimpleData>
		<SimpleData name="wheelchair_boarding">0</SimpleData>
		<SimpleData name="agency_name">Department of State Growth</SimpleData>
	</SchemaData></ExtendedData>
      <Point><coordinates>147.311471,-42.867291</coordinates></Point>
  </Placemark>
  <Placemark>
	<ExtendedData><SchemaData schemaUrl="#HCC_Bus_Stops">
		<SimpleData name="stop_id">7008019</SimpleData>
		<SimpleData name="stop_name">New Town Rd opp New Town Plaza</SimpleData>
		<SimpleData name="location_type">0</SimpleData>
		<SimpleData name="wheelchair_boarding">0</SimpleData>
		<SimpleData name="agency_name">Department of State Growth</SimpleData>
	</SchemaData></ExtendedData>
      <Point><coordinates>147.303661,-42.856424</coordinates></Point>
  </Placemark>
  <Placemark>
	<ExtendedData><SchemaData schemaUrl="#HCC_Bus_Stops">
		<SimpleData name="stop_id">7008020</SimpleData>
		<SimpleData name="stop_name">Douglas St opp Oakley St</SimpleData>
		<SimpleData name="location_type">0</SimpleData>
		<SimpleData name="wheelchair_boarding">0</SimpleData>
		<SimpleData name="agency_name">Department of State Growth</SimpleData>
	</SchemaData></ExtendedData>
      <Point><coordinates>147.301723,-42.864135</coordinates></Point>
  </Placemark>
  <Placemark>
	<ExtendedData><SchemaData schemaUrl="#HCC_Bus_Stops">
		<SimpleData name="stop_id">7008021</SimpleData>
		<SimpleData name="stop_name">Baker St before Giblin St</SimpleData>
		<SimpleData name="location_type">0</SimpleData>
		<SimpleData name="wheelchair_boarding">0</SimpleData>
		<SimpleData name="agency_name">Department of State Growth</SimpleData>
	</SchemaData></ExtendedData>
      <Point><coordinates>147.297098,-42.862814</coordinates></Point>
  </Placemark>
  <Placemark>
	<ExtendedData><SchemaData schemaUrl="#HCC_Bus_Stops">
		<SimpleData name="stop_id">7008022</SimpleData>
		<SimpleData name="stop_name">Oakley St before Clare St</SimpleData>
		<SimpleData name="location_type">0</SimpleData>
		<SimpleData name="wheelchair_boarding">0</SimpleData>
		<SimpleData name="agency_name">Department of State Growth</SimpleData>
	</SchemaData></ExtendedData>
      <Point><coordinates>147.302172,-42.861705</coordinates></Point>
  </Placemark>
  <Placemark>
	<ExtendedData><SchemaData schemaUrl="#HCC_Bus_Stops">
		<SimpleData name="stop_id">7008023</SimpleData>
		<SimpleData name="stop_name">Ruth Dr after Susan Pde</SimpleData>
		<SimpleData name="location_type">0</SimpleData>
		<SimpleData name="wheelchair_boarding">0</SimpleData>
		<SimpleData name="agency_name">Department of State Growth</SimpleData>
	</SchemaData></ExtendedData>
      <Point><coordinates>147.284817,-42.866616</coordinates></Point>
  </Placemark>
  <Placemark>
	<ExtendedData><SchemaData schemaUrl="#HCC_Bus_Stops">
		<SimpleData name="stop_id">7008024</SimpleData>
		<SimpleData name="stop_name">Queens Walk opp Cornelian Bay</SimpleData>
		<SimpleData name="location_type">0</SimpleData>
		<SimpleData name="wheelchair_boarding">0</SimpleData>
		<SimpleData name="agency_name">Department of State Growth</SimpleData>
	</SchemaData></ExtendedData>
      <Point><coordinates>147.318778,-42.854958</coordinates></Point>
  </Placemark>
  <Placemark>
	<ExtendedData><SchemaData schemaUrl="#HCC_Bus_Stops">
		<SimpleData name="stop_id">7008025</SimpleData>
		<SimpleData name="stop_name">Forster St opp New Town Primary School</SimpleData>
		<SimpleData name="location_type">0</SimpleData>
		<SimpleData name="wheelchair_boarding">0</SimpleData>
		<SimpleData name="agency_name">Department of State Growth</SimpleData>
	</SchemaData></ExtendedData>
      <Point><coordinates>147.302058,-42.856881</coordinates></Point>
  </Placemark>
  <Placemark>
	<ExtendedData><SchemaData schemaUrl="#HCC_Bus_Stops">
		<SimpleData name="stop_id">7008026</SimpleData>
		<SimpleData name="stop_name">Kalang Av after Alcides Av</SimpleData>
		<SimpleData name="location_type">0</SimpleData>
		<SimpleData name="wheelchair_boarding">0</SimpleData>
		<SimpleData name="agency_name">Department of State Growth</SimpleData>
	</SchemaData></ExtendedData>
      <Point><coordinates>147.278122,-42.861834</coordinates></Point>
  </Placemark>
  <Placemark>
	<ExtendedData><SchemaData schemaUrl="#HCC_Bus_Stops">
		<SimpleData name="stop_id">7008027</SimpleData>
		<SimpleData name="stop_name">Carlton St after Sorell St</SimpleData>
		<SimpleData name="location_type">0</SimpleData>
		<SimpleData name="wheelchair_boarding">0</SimpleData>
		<SimpleData name="agency_name">Department of State Growth</SimpleData>
	</SchemaData></ExtendedData>
      <Point><coordinates>147.299676,-42.862856</coordinates></Point>
  </Placemark>
  <Placemark>
	<ExtendedData><SchemaData schemaUrl="#HCC_Bus_Stops">
		<SimpleData name="stop_id">7008028</SimpleData>
		<SimpleData name="stop_name">Forster St before Noble Dr</SimpleData>
		<SimpleData name="location_type">0</SimpleData>
		<SimpleData name="wheelchair_boarding">0</SimpleData>
		<SimpleData name="agency_name">Department of State Growth</SimpleData>
	</SchemaData></ExtendedData>
      <Point><coordinates>147.297808,-42.859869</coordinates></Point>
  </Placemark>
  <Placemark>
	<ExtendedData><SchemaData schemaUrl="#HCC_Bus_Stops">
		<SimpleData name="stop_id">7008029</SimpleData>
		<SimpleData name="stop_name">Bealey Av after Athleen Av</SimpleData>
		<SimpleData name="location_type">0</SimpleData>
		<SimpleData name="wheelchair_boarding">0</SimpleData>
		<SimpleData name="agency_name">Department of State Growth</SimpleData>
	</SchemaData></ExtendedData>
      <Point><coordinates>147.284841,-42.863825</coordinates></Point>
  </Placemark>
  <Placemark>
	<ExtendedData><SchemaData schemaUrl="#HCC_Bus_Stops">
		<SimpleData name="stop_id">7008030</SimpleData>
		<SimpleData name="stop_name">Girrabong Rd before Baldwin Pl</SimpleData>
		<SimpleData name="location_type">0</SimpleData>
		<SimpleData name="wheelchair_boarding">0</SimpleData>
		<SimpleData name="agency_name">Department of State Growth</SimpleData>
	</SchemaData></ExtendedData>
      <Point><coordinates>147.278575,-42.859225</coordinates></Point>
  </Placemark>
  <Placemark>
	<ExtendedData><SchemaData schemaUrl="#HCC_Bus_Stops">
		<SimpleData name="stop_id">7008031</SimpleData>
		<SimpleData name="stop_name">Athleen Av after Shirley Bvd</SimpleData>
		<SimpleData name="location_type">0</SimpleData>
		<SimpleData name="wheelchair_boarding">0</SimpleData>
		<SimpleData name="agency_name">Department of State Growth</SimpleData>
	</SchemaData></ExtendedData>
      <Point><coordinates>147.285635,-42.86548</coordinates></Point>
  </Placemark>
  <Placemark>
	<ExtendedData><SchemaData schemaUrl="#HCC_Bus_Stops">
		<SimpleData name="stop_id">7008032</SimpleData>
		<SimpleData name="stop_name">Stratton Av after Baldwin Pl</SimpleData>
		<SimpleData name="location_type">0</SimpleData>
		<SimpleData name="wheelchair_boarding">0</SimpleData>
		<SimpleData name="agency_name">Department of State Growth</SimpleData>
	</SchemaData></ExtendedData>
      <Point><coordinates>147.277898,-42.859605</coordinates></Point>
  </Placemark>
  <Placemark>
	<ExtendedData><SchemaData schemaUrl="#HCC_Bus_Stops">
		<SimpleData name="stop_id">7008033</SimpleData>
		<SimpleData name="stop_name">Ruth Dr before Judith Dr</SimpleData>
		<SimpleData name="location_type">0</SimpleData>
		<SimpleData name="wheelchair_boarding">0</SimpleData>
		<SimpleData name="agency_name">Department of State Growth</SimpleData>
	</SchemaData></ExtendedData>
      <Point><coordinates>147.283985,-42.870606</coordinates></Point>
  </Placemark>
  <Placemark>
	<ExtendedData><SchemaData schemaUrl="#HCC_Bus_Stops">
		<SimpleData name="stop_id">7008034</SimpleData>
		<SimpleData name="stop_name">Doyle Av before Pottery Rd</SimpleData>
		<SimpleData name="location_type">0</SimpleData>
		<SimpleData name="wheelchair_boarding">0</SimpleData>
		<SimpleData name="agency_name">Department of State Growth</SimpleData>
	</SchemaData></ExtendedData>
      <Point><coordinates>147.288501,-42.867238</coordinates></Point>
  </Placemark>
  <Placemark>
	<ExtendedData><SchemaData schemaUrl="#HCC_Bus_Stops">
		<SimpleData name="stop_id">7008035</SimpleData>
		<SimpleData name="stop_name">Pottery Rd opp Copley Rd</SimpleData>
		<SimpleData name="location_type">0</SimpleData>
		<SimpleData name="wheelchair_boarding">0</SimpleData>
		<SimpleData name="agency_name">Department of State Growth</SimpleData>
	</SchemaData></ExtendedData>
      <Point><coordinates>147.28539,-42.871811</coordinates></Point>
  </Placemark>
  <Placemark>
	<ExtendedData><SchemaData schemaUrl="#HCC_Bus_Stops">
		<SimpleData name="stop_id">7008036</SimpleData>
		<SimpleData name="stop_name">Forster St after Noble Dr</SimpleData>
		<SimpleData name="location_type">0</SimpleData>
		<SimpleData name="wheelchair_boarding">0</SimpleData>
		<SimpleData name="agency_name">Department of State Growth</SimpleData>
	</SchemaData></ExtendedData>
      <Point><coordinates>147.297436,-42.859922</coordinates></Point>
  </Placemark>
  <Placemark>
	<ExtendedData><SchemaData schemaUrl="#HCC_Bus_Stops">
		<SimpleData name="stop_id">7008037</SimpleData>
		<SimpleData name="stop_name">Girrabong Rd opp Yelgun Pl</SimpleData>
		<SimpleData name="location_type">0</SimpleData>
		<SimpleData name="wheelchair_boarding">0</SimpleData>
		<SimpleData name="agency_name">Department of State Growth</SimpleData>
	</SchemaData></ExtendedData>
      <Point><coordinates>147.280678,-42.861751</coordinates></Point>
  </Placemark>
  <Placemark>
	<ExtendedData><SchemaData schemaUrl="#HCC_Bus_Stops">
		<SimpleData name="stop_id">7008038</SimpleData>
		<SimpleData name="stop_name">15 Stratton Av</SimpleData>
		<SimpleData name="location_type">0</SimpleData>
		<SimpleData name="wheelchair_boarding">0</SimpleData>
		<SimpleData name="agency_name">Department of State Growth</SimpleData>
	</SchemaData></ExtendedData>
      <Point><coordinates>147.277582,-42.860964</coordinates></Point>
  </Placemark>
  <Placemark>
	<ExtendedData><SchemaData schemaUrl="#HCC_Bus_Stops">
		<SimpleData name="stop_id">7008039</SimpleData>
		<SimpleData name="stop_name">Athleen Av before Bealey Av</SimpleData>
		<SimpleData name="location_type">0</SimpleData>
		<SimpleData name="wheelchair_boarding">0</SimpleData>
		<SimpleData name="agency_name">Department of State Growth</SimpleData>
	</SchemaData></ExtendedData>
      <Point><coordinates>147.285966,-42.863825</coordinates></Point>
  </Placemark>
  <Placemark>
	<ExtendedData><SchemaData schemaUrl="#HCC_Bus_Stops">
		<SimpleData name="stop_id">7008040</SimpleData>
		<SimpleData name="stop_name">Girrabong Rd before Kalang Av</SimpleData>
		<SimpleData name="location_type">0</SimpleData>
		<SimpleData name="wheelchair_boarding">0</SimpleData>
		<SimpleData name="agency_name">Department of State Growth</SimpleData>
	</SchemaData></ExtendedData>
      <Point><coordinates>147.280171,-42.861496</coordinates></Point>
  </Placemark>
  <Placemark>
	<ExtendedData><SchemaData schemaUrl="#HCC_Bus_Stops">
		<SimpleData name="stop_id">7008041</SimpleData>
		<SimpleData name="stop_name">Baker St before Meredith St</SimpleData>
		<SimpleData name="location_type">0</SimpleData>
		<SimpleData name="wheelchair_boarding">0</SimpleData>
		<SimpleData name="agency_name">Department of State Growth</SimpleData>
	</SchemaData></ExtendedData>
      <Point><coordinates>147.297093,-42.862705</coordinates></Point>
  </Placemark>
  <Placemark>
	<ExtendedData><SchemaData schemaUrl="#HCC_Bus_Stops">
		<SimpleData name="stop_id">7008042</SimpleData>
		<SimpleData name="stop_name">Bellevue Pde before Oldham Av</SimpleData>
		<SimpleData name="location_type">0</SimpleData>
		<SimpleData name="wheelchair_boarding">0</SimpleData>
		<SimpleData name="agency_name">Department of State Growth</SimpleData>
	</SchemaData></ExtendedData>
      <Point><coordinates>147.316444,-42.855317</coordinates></Point>
  </Placemark>
  <Placemark>
	<ExtendedData><SchemaData schemaUrl="#HCC_Bus_Stops">
		<SimpleData name="stop_id">7008043</SimpleData>
		<SimpleData name="stop_name">New Town Primary School, Forster St</SimpleData>
		<SimpleData name="location_type">0</SimpleData>
		<SimpleData name="wheelchair_boarding">0</SimpleData>
		<SimpleData name="agency_name">Department of State Growth</SimpleData>
	</SchemaData></ExtendedData>
      <Point><coordinates>147.30182,-42.856876</coordinates></Point>
  </Placemark>
  <Placemark>
	<ExtendedData><SchemaData schemaUrl="#HCC_Bus_Stops">
		<SimpleData name="stop_id">7008044</SimpleData>
		<SimpleData name="stop_name">Bellevue Pde after Bay Rd</SimpleData>
		<SimpleData name="location_type">0</SimpleData>
		<SimpleData name="wheelchair_boarding">0</SimpleData>
		<SimpleData name="agency_name">Department of State Growth</SimpleData>
	</SchemaData></ExtendedData>
      <Point><coordinates>147.310976,-42.8544</coordinates></Point>
  </Placemark>
  <Placemark>
	<ExtendedData><SchemaData schemaUrl="#HCC_Bus_Stops">
		<SimpleData name="stop_id">7008045</SimpleData>
		<SimpleData name="stop_name">Pottery Rd after Ruth Dr</SimpleData>
		<SimpleData name="location_type">0</SimpleData>
		<SimpleData name="wheelchair_boarding">0</SimpleData>
		<SimpleData name="agency_name">Department of State Growth</SimpleData>
	</SchemaData></ExtendedData>
      <Point><coordinates>147.284513,-42.872651</coordinates></Point>
  </Placemark>
  <Placemark>
	<ExtendedData><SchemaData schemaUrl="#HCC_Bus_Stops">
		<SimpleData name="stop_id">7008046</SimpleData>
		<SimpleData name="stop_name">Park St before Bay Rd</SimpleData>
		<SimpleData name="location_type">0</SimpleData>
		<SimpleData name="wheelchair_boarding">0</SimpleData>
		<SimpleData name="agency_name">Department of State Growth</SimpleData>
	</SchemaData></ExtendedData>
      <Point><coordinates>147.30961,-42.855187</coordinates></Point>
  </Placemark>
  <Placemark>
	<ExtendedData><SchemaData schemaUrl="#HCC_Bus_Stops">
		<SimpleData name="stop_id">7008047</SimpleData>
		<SimpleData name="stop_name">Shirley Bvd after Bealey Av</SimpleData>
		<SimpleData name="location_type">0</SimpleData>
		<SimpleData name="wheelchair_boarding">0</SimpleData>
		<SimpleData name="agency_name">Department of State Growth</SimpleData>
	</SchemaData></ExtendedData>
      <Point><coordinates>147.284051,-42.865481</coordinates></Point>
  </Placemark>
  <Placemark>
	<ExtendedData><SchemaData schemaUrl="#HCC_Bus_Stops">
		<SimpleData name="stop_id">7008048</SimpleData>
		<SimpleData name="stop_name">Pottery Rd opp Ruth Dr</SimpleData>
		<SimpleData name="location_type">0</SimpleData>
		<SimpleData name="wheelchair_boarding">0</SimpleData>
		<SimpleData name="agency_name">Department of State Growth</SimpleData>
	</SchemaData></ExtendedData>
      <Point><coordinates>147.284084,-42.873103</coordinates></Point>
  </Placemark>
  <Placemark>
	<ExtendedData><SchemaData schemaUrl="#HCC_Bus_Stops">
		<SimpleData name="stop_id">7008049</SimpleData>
		<SimpleData name="stop_name">Cornelian Bay, Queens Walk</SimpleData>
		<SimpleData name="location_type">0</SimpleData>
		<SimpleData name="wheelchair_boarding">0</SimpleData>
		<SimpleData name="agency_name">Department of State Growth</SimpleData>
	</SchemaData></ExtendedData>
      <Point><coordinates>147.319043,-42.854604</coordinates></Point>
  </Placemark>
  <Placemark>
	<ExtendedData><SchemaData schemaUrl="#HCC_Bus_Stops">
		<SimpleData name="stop_id">7008050</SimpleData>
		<SimpleData name="stop_name">Queens Walk at Stainforth Ct</SimpleData>
		<SimpleData name="location_type">0</SimpleData>
		<SimpleData name="wheelchair_boarding">0</SimpleData>
		<SimpleData name="agency_name">Department of State Growth</SimpleData>
	</SchemaData></ExtendedData>
      <Point><coordinates>147.316037,-42.851346</coordinates></Point>
  </Placemark>
  <Placemark>
	<ExtendedData><SchemaData schemaUrl="#HCC_Bus_Stops">
		<SimpleData name="stop_id">7008051</SimpleData>
		<SimpleData name="stop_name">Rugby Park, Queens Walk</SimpleData>
		<SimpleData name="location_type">0</SimpleData>
		<SimpleData name="wheelchair_boarding">0</SimpleData>
		<SimpleData name="agency_name">Department of State Growth</SimpleData>
	</SchemaData></ExtendedData>
      <Point><coordinates>147.31503,-42.850647</coordinates></Point>
  </Placemark>
  <Placemark>
	<ExtendedData><SchemaData schemaUrl="#HCC_Bus_Stops">
		<SimpleData name="stop_id">7008052</SimpleData>
		<SimpleData name="stop_name">Bellevue Pde before Bay Rd</SimpleData>
		<SimpleData name="location_type">0</SimpleData>
		<SimpleData name="wheelchair_boarding">0</SimpleData>
		<SimpleData name="agency_name">Department of State Growth</SimpleData>
	</SchemaData></ExtendedData>
      <Point><coordinates>147.310843,-42.854515</coordinates></Point>
  </Placemark>
  <Placemark>
	<ExtendedData><SchemaData schemaUrl="#HCC_Bus_Stops">
		<SimpleData name="stop_id">7008053</SimpleData>
		<SimpleData name="stop_name">93 Pottery Rd</SimpleData>
		<SimpleData name="location_type">0</SimpleData>
		<SimpleData name="wheelchair_boarding">0</SimpleData>
		<SimpleData name="agency_name">Department of State Growth</SimpleData>
	</SchemaData></ExtendedData>
      <Point><coordinates>147.286138,-42.870213</coordinates></Point>
  </Placemark>
  <Placemark>
	<ExtendedData><SchemaData schemaUrl="#HCC_Bus_Stops">
		<SimpleData name="stop_id">7008054</SimpleData>
		<SimpleData name="stop_name">Giblin St before William Cooper Dr</SimpleData>
		<SimpleData name="location_type">0</SimpleData>
		<SimpleData name="wheelchair_boarding">0</SimpleData>
		<SimpleData name="agency_name">Department of State Growth</SimpleData>
	</SchemaData></ExtendedData>
      <Point><coordinates>147.296738,-42.86173</coordinates></Point>
  </Placemark>
  <Placemark>
	<ExtendedData><SchemaData schemaUrl="#HCC_Bus_Stops">
		<SimpleData name="stop_id">7008055</SimpleData>
		<SimpleData name="stop_name">Oakley St after Douglas St</SimpleData>
		<SimpleData name="location_type">0</SimpleData>
		<SimpleData name="wheelchair_boarding">0</SimpleData>
		<SimpleData name="agency_name">Department of State Growth</SimpleData>
	</SchemaData></ExtendedData>
      <Point><coordinates>147.30183,-42.863682</coordinates></Point>
  </Placemark>
  <Placemark>
	<ExtendedData><SchemaData schemaUrl="#HCC_Bus_Stops">
		<SimpleData name="stop_id">7008056</SimpleData>
		<SimpleData name="stop_name">Glenrose Park, Pottery Rd</SimpleData>
		<SimpleData name="location_type">0</SimpleData>
		<SimpleData name="wheelchair_boarding">0</SimpleData>
		<SimpleData name="agency_name">Department of State Growth</SimpleData>
	</SchemaData></ExtendedData>
      <Point><coordinates>147.286033,-42.871282</coordinates></Point>
  </Placemark>
  <Placemark>
	<ExtendedData><SchemaData schemaUrl="#HCC_Bus_Stops">
		<SimpleData name="stop_id">7008057</SimpleData>
		<SimpleData name="stop_name">Doyle Av after Pottery Rd</SimpleData>
		<SimpleData name="location_type">0</SimpleData>
		<SimpleData name="wheelchair_boarding">0</SimpleData>
		<SimpleData name="agency_name">Department of State Growth</SimpleData>
	</SchemaData></ExtendedData>
      <Point><coordinates>147.288793,-42.867109</coordinates></Point>
  </Placemark>
  <Placemark>
	<ExtendedData><SchemaData schemaUrl="#HCC_Bus_Stops">
		<SimpleData name="stop_id">7008058</SimpleData>
		<SimpleData name="stop_name">Hockey Centre, Bellevue Pde</SimpleData>
		<SimpleData name="location_type">0</SimpleData>
		<SimpleData name="wheelchair_boarding">0</SimpleData>
		<SimpleData name="agency_name">Department of State Growth</SimpleData>
	</SchemaData></ExtendedData>
      <Point><coordinates>147.315842,-42.855079</coordinates></Point>
  </Placemark>
  <Placemark>
	<ExtendedData><SchemaData schemaUrl="#HCC_Bus_Stops">
		<SimpleData name="stop_id">7008059</SimpleData>
		<SimpleData name="stop_name">Augusta Rd after Creek Rd</SimpleData>
		<SimpleData name="location_type">0</SimpleData>
		<SimpleData name="wheelchair_boarding">0</SimpleData>
		<SimpleData name="agency_name">Department of State Growth</SimpleData>
	</SchemaData></ExtendedData>
      <Point><coordinates>147.289875,-42.862944</coordinates></Point>
  </Placemark>
  <Placemark>
	<ExtendedData><SchemaData schemaUrl="#HCC_Bus_Stops">
		<SimpleData name="stop_id">7008060</SimpleData>
		<SimpleData name="stop_name">Lenah Valley Rd opp John Turnbull Park</SimpleData>
		<SimpleData name="location_type">0</SimpleData>
		<SimpleData name="wheelchair_boarding">0</SimpleData>
		<SimpleData name="agency_name">Department of State Growth</SimpleData>
	</SchemaData></ExtendedData>
      <Point><coordinates>147.28808,-42.862847</coordinates></Point>
  </Placemark>
  <Placemark>
	<ExtendedData><SchemaData schemaUrl="#HCC_Bus_Stops">
		<SimpleData name="stop_id">7008061</SimpleData>
		<SimpleData name="stop_name">Park St after Harbroe Av</SimpleData>
		<SimpleData name="location_type">0</SimpleData>
		<SimpleData name="wheelchair_boarding">0</SimpleData>
		<SimpleData name="agency_name">Department of State Growth</SimpleData>
	</SchemaData></ExtendedData>
      <Point><coordinates>147.310591,-42.856683</coordinates></Point>
  </Placemark>
  <Placemark>
	<ExtendedData><SchemaData schemaUrl="#HCC_Bus_Stops">
		<SimpleData name="stop_id">7008062</SimpleData>
		<SimpleData name="stop_name">Clare St before Oakley St</SimpleData>
		<SimpleData name="location_type">0</SimpleData>
		<SimpleData name="wheelchair_boarding">0</SimpleData>
		<SimpleData name="agency_name">Department of State Growth</SimpleData>
	</SchemaData></ExtendedData>
      <Point><coordinates>147.302619,-42.861594</coordinates></Point>
  </Placemark>
  <Placemark>
	<ExtendedData><SchemaData schemaUrl="#HCC_Bus_Stops">
		<SimpleData name="stop_id">7008063</SimpleData>
		<SimpleData name="stop_name">Park St opp Harbroe Av</SimpleData>
		<SimpleData name="location_type">0</SimpleData>
		<SimpleData name="wheelchair_boarding">0</SimpleData>
		<SimpleData name="agency_name">Department of State Growth</SimpleData>
	</SchemaData></ExtendedData>
      <Point><coordinates>147.31026,-42.856415</coordinates></Point>
  </Placemark>
  <Placemark>
	<ExtendedData><SchemaData schemaUrl="#HCC_Bus_Stops">
		<SimpleData name="stop_id">7008064</SimpleData>
		<SimpleData name="stop_name">Lenah Valley Rd after Athleen Av</SimpleData>
		<SimpleData name="location_type">0</SimpleData>
		<SimpleData name="wheelchair_boarding">0</SimpleData>
		<SimpleData name="agency_name">Department of State Growth</SimpleData>
	</SchemaData></ExtendedData>
      <Point><coordinates>147.28703,-42.862402</coordinates></Point>
  </Placemark>
  <Placemark>
	<ExtendedData><SchemaData schemaUrl="#HCC_Bus_Stops">
		<SimpleData name="stop_id">7008065</SimpleData>
		<SimpleData name="stop_name">Lenah Valley Rd before Athleen Av</SimpleData>
		<SimpleData name="location_type">0</SimpleData>
		<SimpleData name="wheelchair_boarding">0</SimpleData>
		<SimpleData name="agency_name">Department of State Growth</SimpleData>
	</SchemaData></ExtendedData>
      <Point><coordinates>147.287126,-42.862237</coordinates></Point>
  </Placemark>
  <Placemark>
	<ExtendedData><SchemaData schemaUrl="#HCC_Bus_Stops">
		<SimpleData name="stop_id">7008066</SimpleData>
		<SimpleData name="stop_name">Park St after Risdon Rd</SimpleData>
		<SimpleData name="location_type">0</SimpleData>
		<SimpleData name="wheelchair_boarding">0</SimpleData>
		<SimpleData name="agency_name">Department of State Growth</SimpleData>
	</SchemaData></ExtendedData>
      <Point><coordinates>147.308904,-42.854223</coordinates></Point>
  </Placemark>
  <Placemark>
	<ExtendedData><SchemaData schemaUrl="#HCC_Bus_Stops">
		<SimpleData name="stop_id">7008067</SimpleData>
		<SimpleData name="stop_name">Park St before Risdon Rd</SimpleData>
		<SimpleData name="location_type">0</SimpleData>
		<SimpleData name="wheelchair_boarding">0</SimpleData>
		<SimpleData name="agency_name">Department of State Growth</SimpleData>
	</SchemaData></ExtendedData>
      <Point><coordinates>147.308663,-42.854181</coordinates></Point>
  </Placemark>
  <Placemark>
	<ExtendedData><SchemaData schemaUrl="#HCC_Bus_Stops">
		<SimpleData name="stop_id">7008068</SimpleData>
		<SimpleData name="stop_name">Lenah Valley Rd at Girrabong Rd</SimpleData>
		<SimpleData name="location_type">0</SimpleData>
		<SimpleData name="wheelchair_boarding">0</SimpleData>
		<SimpleData name="agency_name">Department of State Growth</SimpleData>
	</SchemaData></ExtendedData>
      <Point><coordinates>147.282523,-42.862907</coordinates></Point>
  </Placemark>
  <Placemark>
	<ExtendedData><SchemaData schemaUrl="#HCC_Bus_Stops">
		<SimpleData name="stop_id">7008069</SimpleData>
		<SimpleData name="stop_name">Lenah Valley Rd opp Girrabong Rd</SimpleData>
		<SimpleData name="location_type">0</SimpleData>
		<SimpleData name="wheelchair_boarding">0</SimpleData>
		<SimpleData name="agency_name">Department of State Growth</SimpleData>
	</SchemaData></ExtendedData>
      <Point><coordinates>147.282623,-42.863075</coordinates></Point>
  </Placemark>
  <Placemark>
	<ExtendedData><SchemaData schemaUrl="#HCC_Bus_Stops">
		<SimpleData name="stop_id">7008070</SimpleData>
		<SimpleData name="stop_name">Queens Walk Oval, Risdon Rd</SimpleData>
		<SimpleData name="location_type">0</SimpleData>
		<SimpleData name="wheelchair_boarding">0</SimpleData>
		<SimpleData name="agency_name">Department of State Growth</SimpleData>
	</SchemaData></ExtendedData>
      <Point><coordinates>147.310522,-42.851813</coordinates></Point>
  </Placemark>
  <Placemark>
	<ExtendedData><SchemaData schemaUrl="#HCC_Bus_Stops">
		<SimpleData name="stop_id">7008071</SimpleData>
		<SimpleData name="stop_name">Risdon Rd opp Queens Walk Oval</SimpleData>
		<SimpleData name="location_type">0</SimpleData>
		<SimpleData name="wheelchair_boarding">0</SimpleData>
		<SimpleData name="agency_name">Department of State Growth</SimpleData>
	</SchemaData></ExtendedData>
      <Point><coordinates>147.310523,-42.851456</coordinates></Point>
  </Placemark>
  <Placemark>
	<ExtendedData><SchemaData schemaUrl="#HCC_Bus_Stops">
		<SimpleData name="stop_id">7008072</SimpleData>
		<SimpleData name="stop_name">Lenah Valley Rd after Rangeview Cr</SimpleData>
		<SimpleData name="location_type">0</SimpleData>
		<SimpleData name="wheelchair_boarding">0</SimpleData>
		<SimpleData name="agency_name">Department of State Growth</SimpleData>
	</SchemaData></ExtendedData>
      <Point><coordinates>147.280998,-42.864573</coordinates></Point>
  </Placemark>
  <Placemark>
	<ExtendedData><SchemaData schemaUrl="#HCC_Bus_Stops">
		<SimpleData name="stop_id">7008073</SimpleData>
		<SimpleData name="stop_name">Lenah Valley Rd before Rangeview Cr</SimpleData>
		<SimpleData name="location_type">0</SimpleData>
		<SimpleData name="wheelchair_boarding">0</SimpleData>
		<SimpleData name="agency_name">Department of State Growth</SimpleData>
	</SchemaData></ExtendedData>
      <Point><coordinates>147.281044,-42.864721</coordinates></Point>
  </Placemark>
  <Placemark>
	<ExtendedData><SchemaData schemaUrl="#HCC_Bus_Stops">
		<SimpleData name="stop_id">7008074</SimpleData>
		<SimpleData name="stop_name">The Friends' School, Argyle St</SimpleData>
		<SimpleData name="location_type">0</SimpleData>
		<SimpleData name="wheelchair_boarding">0</SimpleData>
		<SimpleData name="agency_name">Department of State Growth</SimpleData>
	</SchemaData></ExtendedData>
      <Point><coordinates>147.313481,-42.866349</coordinates></Point>
  </Placemark>
  <Placemark>
	<ExtendedData><SchemaData schemaUrl="#HCC_Bus_Stops">
		<SimpleData name="stop_id">7008075</SimpleData>
		<SimpleData name="stop_name">Augusta Rd at Westminster Av</SimpleData>
		<SimpleData name="location_type">0</SimpleData>
		<SimpleData name="wheelchair_boarding">0</SimpleData>
		<SimpleData name="agency_name">Department of State Growth</SimpleData>
	</SchemaData></ExtendedData>
      <Point><coordinates>147.307998,-42.867252</coordinates></Point>
  </Placemark>
  <Placemark>
	<ExtendedData><SchemaData schemaUrl="#HCC_Bus_Stops">
		<SimpleData name="stop_id">7008076</SimpleData>
		<SimpleData name="stop_name">Augusta Rd opp Westminster Av</SimpleData>
		<SimpleData name="location_type">0</SimpleData>
		<SimpleData name="wheelchair_boarding">0</SimpleData>
		<SimpleData name="agency_name">Department of State Growth</SimpleData>
	</SchemaData></ExtendedData>
      <Point><coordinates>147.308352,-42.86747</coordinates></Point>
  </Placemark>
  <Placemark>
	<ExtendedData><SchemaData schemaUrl="#HCC_Bus_Stops">
		<SimpleData name="stop_id">7008077</SimpleData>
		<SimpleData name="stop_name">Calvary Hospital, Augusta Rd</SimpleData>
		<SimpleData name="location_type">0</SimpleData>
		<SimpleData name="wheelchair_boarding">0</SimpleData>
		<SimpleData name="agency_name">Department of State Growth</SimpleData>
	</SchemaData></ExtendedData>
      <Point><coordinates>147.304491,-42.866587</coordinates></Point>
  </Placemark>
  <Placemark>
	<ExtendedData><SchemaData schemaUrl="#HCC_Bus_Stops">
		<SimpleData name="stop_id">7008078</SimpleData>
		<SimpleData name="stop_name">Stoke St before Argyle St</SimpleData>
		<SimpleData name="location_type">0</SimpleData>
		<SimpleData name="wheelchair_boarding">0</SimpleData>
		<SimpleData name="agency_name">Department of State Growth</SimpleData>
	</SchemaData></ExtendedData>
      <Point><coordinates>147.313401,-42.863795</coordinates></Point>
  </Placemark>
  <Placemark>
	<ExtendedData><SchemaData schemaUrl="#HCC_Bus_Stops">
		<SimpleData name="stop_id">7008079</SimpleData>
		<SimpleData name="stop_name">Augusta Rd opp Calvary Hospital</SimpleData>
		<SimpleData name="location_type">0</SimpleData>
		<SimpleData name="wheelchair_boarding">0</SimpleData>
		<SimpleData name="agency_name">Department of State Growth</SimpleData>
	</SchemaData></ExtendedData>
      <Point><coordinates>147.304302,-42.866695</coordinates></Point>
  </Placemark>
  <Placemark>
	<ExtendedData><SchemaData schemaUrl="#HCC_Bus_Stops">
		<SimpleData name="stop_id">7008080</SimpleData>
		<SimpleData name="stop_name">Park St opp Stoke St</SimpleData>
		<SimpleData name="location_type">0</SimpleData>
		<SimpleData name="wheelchair_boarding">0</SimpleData>
		<SimpleData name="agency_name">Department of State Growth</SimpleData>
	</SchemaData></ExtendedData>
      <Point><coordinates>147.314842,-42.862607</coordinates></Point>
  </Placemark>
  <Placemark>
	<ExtendedData><SchemaData schemaUrl="#HCC_Bus_Stops">
		<SimpleData name="stop_id">7008081</SimpleData>
		<SimpleData name="stop_name">Stoke St at Park St</SimpleData>
		<SimpleData name="location_type">0</SimpleData>
		<SimpleData name="wheelchair_boarding">0</SimpleData>
		<SimpleData name="agency_name">Department of State Growth</SimpleData>
	</SchemaData></ExtendedData>
      <Point><coordinates>147.31464,-42.862926</coordinates></Point>
  </Placemark>
  <Placemark>
	<ExtendedData><SchemaData schemaUrl="#HCC_Bus_Stops">
		<SimpleData name="stop_id">7008082</SimpleData>
		<SimpleData name="stop_name">Augusta Rd after Newlands Av</SimpleData>
		<SimpleData name="location_type">0</SimpleData>
		<SimpleData name="wheelchair_boarding">0</SimpleData>
		<SimpleData name="agency_name">Department of State Growth</SimpleData>
	</SchemaData></ExtendedData>
      <Point><coordinates>147.302109,-42.866632</coordinates></Point>
  </Placemark>
  <Placemark>
	<ExtendedData><SchemaData schemaUrl="#HCC_Bus_Stops">
		<SimpleData name="stop_id">7008083</SimpleData>
		<SimpleData name="stop_name">Augusta Rd after Montagu St</SimpleData>
		<SimpleData name="location_type">0</SimpleData>
		<SimpleData name="wheelchair_boarding">0</SimpleData>
		<SimpleData name="agency_name">Department of State Growth</SimpleData>
	</SchemaData></ExtendedData>
      <Point><coordinates>147.301586,-42.866446</coordinates></Point>
  </Placemark>
  <Placemark>
	<ExtendedData><SchemaData schemaUrl="#HCC_Bus_Stops">
		<SimpleData name="stop_id">7008084</SimpleData>
		<SimpleData name="stop_name">Clare St before Seymour St</SimpleData>
		<SimpleData name="location_type">0</SimpleData>
		<SimpleData name="wheelchair_boarding">0</SimpleData>
		<SimpleData name="agency_name">Department of State Growth</SimpleData>
	</SchemaData></ExtendedData>
      <Point><coordinates>147.309149,-42.865655</coordinates></Point>
  </Placemark>
  <Placemark>
	<ExtendedData><SchemaData schemaUrl="#HCC_Bus_Stops">
		<SimpleData name="stop_id">7008085</SimpleData>
		<SimpleData name="stop_name">Clare St after Hildern St</SimpleData>
		<SimpleData name="location_type">0</SimpleData>
		<SimpleData name="wheelchair_boarding">0</SimpleData>
		<SimpleData name="agency_name">Department of State Growth</SimpleData>
	</SchemaData></ExtendedData>
      <Point><coordinates>147.309134,-42.86582</coordinates></Point>
  </Placemark>
  <Placemark>
	<ExtendedData><SchemaData schemaUrl="#HCC_Bus_Stops">
		<SimpleData name="stop_id">7008086</SimpleData>
		<SimpleData name="stop_name">Park St after Oldham Av</SimpleData>
		<SimpleData name="location_type">0</SimpleData>
		<SimpleData name="wheelchair_boarding">0</SimpleData>
		<SimpleData name="agency_name">Department of State Growth</SimpleData>
	</SchemaData></ExtendedData>
      <Point><coordinates>147.313357,-42.861091</coordinates></Point>
  </Placemark>
  <Placemark>
	<ExtendedData><SchemaData schemaUrl="#HCC_Bus_Stops">
		<SimpleData name="stop_id">7008087</SimpleData>
		<SimpleData name="stop_name">Park St before Oldham Av</SimpleData>
		<SimpleData name="location_type">0</SimpleData>
		<SimpleData name="wheelchair_boarding">0</SimpleData>
		<SimpleData name="agency_name">Department of State Growth</SimpleData>
	</SchemaData></ExtendedData>
      <Point><coordinates>147.313314,-42.860728</coordinates></Point>
  </Placemark>
  <Placemark>
	<ExtendedData><SchemaData schemaUrl="#HCC_Bus_Stops">
		<SimpleData name="stop_id">7008088</SimpleData>
		<SimpleData name="stop_name">Lenah Valley Shops, Augusta Rd after Giblin St</SimpleData>
		<SimpleData name="location_type">0</SimpleData>
		<SimpleData name="wheelchair_boarding">1</SimpleData>
		<SimpleData name="agency_name">Department of State Growth</SimpleData>
	</SchemaData></ExtendedData>
      <Point><coordinates>147.296014,-42.865534</coordinates></Point>
  </Placemark>
  <Placemark>
	<ExtendedData><SchemaData schemaUrl="#HCC_Bus_Stops">
		<SimpleData name="stop_id">7008089</SimpleData>
		<SimpleData name="stop_name">Lenah Valley Shops, Augusta Rd before Giblin St</SimpleData>
		<SimpleData name="location_type">0</SimpleData>
		<SimpleData name="wheelchair_boarding">0</SimpleData>
		<SimpleData name="agency_name">Department of State Growth</SimpleData>
	</SchemaData></ExtendedData>
      <Point><coordinates>147.296159,-42.865756</coordinates></Point>
  </Placemark>
  <Placemark>
	<ExtendedData><SchemaData schemaUrl="#HCC_Bus_Stops">
		<SimpleData name="stop_id">7008090</SimpleData>
		<SimpleData name="stop_name">Clare St before Fraser St</SimpleData>
		<SimpleData name="location_type">0</SimpleData>
		<SimpleData name="wheelchair_boarding">0</SimpleData>
		<SimpleData name="agency_name">Department of State Growth</SimpleData>
	</SchemaData></ExtendedData>
      <Point><coordinates>147.30725,-42.864451</coordinates></Point>
  </Placemark>
  <Placemark>
	<ExtendedData><SchemaData schemaUrl="#HCC_Bus_Stops">
		<SimpleData name="stop_id">7008091</SimpleData>
		<SimpleData name="stop_name">Park St before Woodlands Av</SimpleData>
		<SimpleData name="location_type">0</SimpleData>
		<SimpleData name="wheelchair_boarding">0</SimpleData>
		<SimpleData name="agency_name">Department of State Growth</SimpleData>
	</SchemaData></ExtendedData>
      <Point><coordinates>147.312502,-42.859744</coordinates></Point>
  </Placemark>
  <Placemark>
	<ExtendedData><SchemaData schemaUrl="#HCC_Bus_Stops">
		<SimpleData name="stop_id">7008092</SimpleData>
		<SimpleData name="stop_name">Clare St before Honora Av</SimpleData>
		<SimpleData name="location_type">0</SimpleData>
		<SimpleData name="wheelchair_boarding">0</SimpleData>
		<SimpleData name="agency_name">Department of State Growth</SimpleData>
	</SchemaData></ExtendedData>
      <Point><coordinates>147.306942,-42.864412</coordinates></Point>
  </Placemark>
  <Placemark>
	<ExtendedData><SchemaData schemaUrl="#HCC_Bus_Stops">
		<SimpleData name="stop_id">7008093</SimpleData>
		<SimpleData name="stop_name">Augusta Rd at Edge Av</SimpleData>
		<SimpleData name="location_type">0</SimpleData>
		<SimpleData name="wheelchair_boarding">0</SimpleData>
		<SimpleData name="agency_name">Department of State Growth</SimpleData>
	</SchemaData></ExtendedData>
      <Point><coordinates>147.292388,-42.864011</coordinates></Point>
  </Placemark>
  <Placemark>
	<ExtendedData><SchemaData schemaUrl="#HCC_Bus_Stops">
		<SimpleData name="stop_id">7008094</SimpleData>
		<SimpleData name="stop_name">Augusta Rd at Shawfield St</SimpleData>
		<SimpleData name="location_type">0</SimpleData>
		<SimpleData name="wheelchair_boarding">0</SimpleData>
		<SimpleData name="agency_name">Department of State Growth</SimpleData>
	</SchemaData></ExtendedData>
      <Point><coordinates>147.291964,-42.863602</coordinates></Point>
  </Placemark>
  <Placemark>
	<ExtendedData><SchemaData schemaUrl="#HCC_Bus_Stops">
		<SimpleData name="stop_id">7008095</SimpleData>
		<SimpleData name="stop_name">Park St after Bishop St</SimpleData>
		<SimpleData name="location_type">0</SimpleData>
		<SimpleData name="wheelchair_boarding">0</SimpleData>
		<SimpleData name="agency_name">Department of State Growth</SimpleData>
	</SchemaData></ExtendedData>
      <Point><coordinates>147.311226,-42.857963</coordinates></Point>
  </Placemark>
  <Placemark>
	<ExtendedData><SchemaData schemaUrl="#HCC_Bus_Stops">
		<SimpleData name="stop_id">7008096</SimpleData>
		<SimpleData name="stop_name">Sacred Heart College, Clare St</SimpleData>
		<SimpleData name="location_type">0</SimpleData>
		<SimpleData name="wheelchair_boarding">0</SimpleData>
		<SimpleData name="agency_name">Department of State Growth</SimpleData>
	</SchemaData></ExtendedData>
      <Point><coordinates>147.304237,-42.862492</coordinates></Point>
  </Placemark>
  <Placemark>
	<ExtendedData><SchemaData schemaUrl="#HCC_Bus_Stops">
		<SimpleData name="stop_id">7008097</SimpleData>
		<SimpleData name="stop_name">Park St at Bishop St</SimpleData>
		<SimpleData name="location_type">0</SimpleData>
		<SimpleData name="wheelchair_boarding">0</SimpleData>
		<SimpleData name="agency_name">Department of State Growth</SimpleData>
	</SchemaData></ExtendedData>
      <Point><coordinates>147.311611,-42.858236</coordinates></Point>
  </Placemark>
  <Placemark>
	<ExtendedData><SchemaData schemaUrl="#HCC_Bus_Stops">
		<SimpleData name="stop_id">7008098</SimpleData>
		<SimpleData name="stop_name">Clare St opp Sacred Heart College</SimpleData>
		<SimpleData name="location_type">0</SimpleData>
		<SimpleData name="wheelchair_boarding">0</SimpleData>
		<SimpleData name="agency_name">Department of State Growth</SimpleData>
	</SchemaData></ExtendedData>
      <Point><coordinates>147.30412,-42.862598</coordinates></Point>
  </Placemark>
  <Placemark>
	<ExtendedData><SchemaData schemaUrl="#HCC_Bus_Stops">
		<SimpleData name="stop_id">7008099</SimpleData>
		<SimpleData name="stop_name">Ancanthe Park, Lenah Valley Rd</SimpleData>
		<SimpleData name="location_type">0</SimpleData>
		<SimpleData name="wheelchair_boarding">0</SimpleData>
		<SimpleData name="agency_name">Department of State Growth</SimpleData>
	</SchemaData></ExtendedData>
      <Point><coordinates>147.278942,-42.865687</coordinates></Point>
  </Placemark>
  <Placemark>
	<ExtendedData><SchemaData schemaUrl="#HCC_Bus_Stops">
		<SimpleData name="stop_id">7008100</SimpleData>
		<SimpleData name="stop_name">Giblin St before Doyle Av</SimpleData>
		<SimpleData name="location_type">0</SimpleData>
		<SimpleData name="wheelchair_boarding">0</SimpleData>
		<SimpleData name="agency_name">Department of State Growth</SimpleData>
	</SchemaData></ExtendedData>
      <Point><coordinates>147.295067,-42.867396</coordinates></Point>
  </Placemark>
  <Placemark>
	<ExtendedData><SchemaData schemaUrl="#HCC_Bus_Stops">
		<SimpleData name="stop_id">7008101</SimpleData>
		<SimpleData name="stop_name">Giblin St after Doyle Av</SimpleData>
		<SimpleData name="location_type">0</SimpleData>
		<SimpleData name="wheelchair_boarding">0</SimpleData>
		<SimpleData name="agency_name">Department of State Growth</SimpleData>
	</SchemaData></ExtendedData>
      <Point><coordinates>147.294861,-42.867347</coordinates></Point>
  </Placemark>
  <Placemark>
	<ExtendedData><SchemaData schemaUrl="#HCC_Bus_Stops">
		<SimpleData name="stop_id">7008102</SimpleData>
		<SimpleData name="stop_name">Doyle Av before Rosehill Cr</SimpleData>
		<SimpleData name="location_type">0</SimpleData>
		<SimpleData name="wheelchair_boarding">0</SimpleData>
		<SimpleData name="agency_name">Department of State Growth</SimpleData>
	</SchemaData></ExtendedData>
      <Point><coordinates>147.292216,-42.867206</coordinates></Point>
  </Placemark>
  <Placemark>
	<ExtendedData><SchemaData schemaUrl="#HCC_Bus_Stops">
		<SimpleData name="stop_id">7008103</SimpleData>
		<SimpleData name="stop_name">Augusta Rd at Clare St</SimpleData>
		<SimpleData name="location_type">0</SimpleData>
		<SimpleData name="wheelchair_boarding">0</SimpleData>
		<SimpleData name="agency_name">Department of State Growth</SimpleData>
	</SchemaData></ExtendedData>
      <Point><coordinates>147.310722,-42.867592</coordinates></Point>
  </Placemark>
  <Placemark>
	<ExtendedData><SchemaData schemaUrl="#HCC_Bus_Stops">
		<SimpleData name="stop_id">7008104</SimpleData>
		<SimpleData name="stop_name">Augusta Rd after Clare St</SimpleData>
		<SimpleData name="location_type">0</SimpleData>
		<SimpleData name="wheelchair_boarding">0</SimpleData>
		<SimpleData name="agency_name">Department of State Growth</SimpleData>
	</SchemaData></ExtendedData>
      <Point><coordinates>147.310569,-42.867722</coordinates></Point>
  </Placemark>
  <Placemark>
	<ExtendedData><SchemaData schemaUrl="#HCC_Bus_Stops">
		<SimpleData name="stop_id">7008105</SimpleData>
		<SimpleData name="stop_name">Stratton Av at Girrabong Rd</SimpleData>
		<SimpleData name="location_type">0</SimpleData>
		<SimpleData name="wheelchair_boarding">0</SimpleData>
		<SimpleData name="agency_name">Department of State Growth</SimpleData>
	</SchemaData></ExtendedData>
      <Point><coordinates>147.27918,-42.86025</coordinates></Point>
  </Placemark>
  <Placemark>
	<ExtendedData><SchemaData schemaUrl="#HCC_Bus_Stops">
		<SimpleData name="stop_id">7008106</SimpleData>
		<SimpleData name="stop_name">Susan Pde after Ruth Dr</SimpleData>
		<SimpleData name="location_type">0</SimpleData>
		<SimpleData name="wheelchair_boarding">0</SimpleData>
		<SimpleData name="agency_name">Department of State Growth</SimpleData>
	</SchemaData></ExtendedData>
      <Point><coordinates>147.284452,-42.865916</coordinates></Point>
  </Placemark>
  <Placemark>
	<ExtendedData><SchemaData schemaUrl="#HCC_Bus_Stops">
		<SimpleData name="stop_id">7008107</SimpleData>
		<SimpleData name="stop_name">Ruth Dr after Jane Ct</SimpleData>
		<SimpleData name="location_type">0</SimpleData>
		<SimpleData name="wheelchair_boarding">0</SimpleData>
		<SimpleData name="agency_name">Department of State Growth</SimpleData>
	</SchemaData></ExtendedData>
      <Point><coordinates>147.28509,-42.867551</coordinates></Point>
  </Placemark>
  <Placemark>
	<ExtendedData><SchemaData schemaUrl="#HCC_Bus_Stops">
		<SimpleData name="stop_id">7008108</SimpleData>
		<SimpleData name="stop_name">25 Ruth Dr</SimpleData>
		<SimpleData name="location_type">0</SimpleData>
		<SimpleData name="wheelchair_boarding">0</SimpleData>
		<SimpleData name="agency_name">Department of State Growth</SimpleData>
	</SchemaData></ExtendedData>
      <Point><coordinates>147.285019,-42.868379</coordinates></Point>
  </Placemark>
  <Placemark>
	<ExtendedData><SchemaData schemaUrl="#HCC_Bus_Stops">
		<SimpleData name="stop_id">7008109</SimpleData>
		<SimpleData name="stop_name">Ruth Dr after Judith Dr</SimpleData>
		<SimpleData name="location_type">0</SimpleData>
		<SimpleData name="wheelchair_boarding">0</SimpleData>
		<SimpleData name="agency_name">Department of State Growth</SimpleData>
	</SchemaData></ExtendedData>
      <Point><coordinates>147.28411,-42.870863</coordinates></Point>
  </Placemark>
  <Placemark>
	<ExtendedData><SchemaData schemaUrl="#HCC_Bus_Stops">
		<SimpleData name="stop_id">7008110</SimpleData>
		<SimpleData name="stop_name">Giblin St after William Cooper Dr</SimpleData>
		<SimpleData name="location_type">0</SimpleData>
		<SimpleData name="wheelchair_boarding">0</SimpleData>
		<SimpleData name="agency_name">Department of State Growth</SimpleData>
	</SchemaData></ExtendedData>
      <Point><coordinates>147.296676,-42.861299</coordinates></Point>
  </Placemark>
  <Placemark>
	<ExtendedData><SchemaData schemaUrl="#HCC_Bus_Stops">
		<SimpleData name="stop_id">7008111</SimpleData>
		<SimpleData name="stop_name">Stoke St after Argyle St</SimpleData>
		<SimpleData name="location_type">0</SimpleData>
		<SimpleData name="wheelchair_boarding">0</SimpleData>
		<SimpleData name="agency_name">Department of State Growth</SimpleData>
	</SchemaData></ExtendedData>
      <Point><coordinates>147.312314,-42.864221</coordinates></Point>
  </Placemark>
  <Placemark>
	<ExtendedData><SchemaData schemaUrl="#HCC_Bus_Stops">
		<SimpleData name="stop_id">7008112</SimpleData>
		<SimpleData name="stop_name">Kalang Av opp Lumeah Av</SimpleData>
		<SimpleData name="location_type">0</SimpleData>
		<SimpleData name="wheelchair_boarding">0</SimpleData>
		<SimpleData name="agency_name">Department of State Growth</SimpleData>
	</SchemaData></ExtendedData>
      <Point><coordinates>147.276011,-42.862154</coordinates></Point>
  </Placemark>
  <Placemark>
	<ExtendedData><SchemaData schemaUrl="#HCC_Bus_Stops">
		<SimpleData name="stop_id">7008113</SimpleData>
		<SimpleData name="stop_name">Doyle Av after Rosehill Cr</SimpleData>
		<SimpleData name="location_type">0</SimpleData>
		<SimpleData name="wheelchair_boarding">0</SimpleData>
		<SimpleData name="agency_name">Department of State Growth</SimpleData>
	</SchemaData></ExtendedData>
      <Point><coordinates>147.292257,-42.867331</coordinates></Point>
  </Placemark>
  <Placemark>
	<ExtendedData><SchemaData schemaUrl="#HCC_Bus_Stops">
		<SimpleData name="stop_id">7008122</SimpleData>
		<SimpleData name="stop_name">New Town Rd opp Hobart City High School</SimpleData>
		<SimpleData name="location_type">0</SimpleData>
		<SimpleData name="wheelchair_boarding">1</SimpleData>
		<SimpleData name="agency_name">Department of State Growth</SimpleData>
	</SchemaData></ExtendedData>
      <Point><coordinates>147.301556,-42.854107</coordinates></Point>
  </Placemark>
  <Placemark>
	<ExtendedData><SchemaData schemaUrl="#HCC_Bus_Stops">
		<SimpleData name="stop_id">7054003</SimpleData>
		<SimpleData name="stop_name">Huon Rd opp Fern Tree Park</SimpleData>
		<SimpleData name="location_type">0</SimpleData>
		<SimpleData name="wheelchair_boarding">0</SimpleData>
		<SimpleData name="agency_name">Department of State Growth</SimpleData>
	</SchemaData></ExtendedData>
      <Point><coordinates>147.260136,-42.921825</coordinates></Point>
  </Placemark>
  <Placemark>
	<ExtendedData><SchemaData schemaUrl="#HCC_Bus_Stops">
		<SimpleData name="stop_id">7054006</SimpleData>
		<SimpleData name="stop_name">Huon Rd at Browns Rd</SimpleData>
		<SimpleData name="location_type">0</SimpleData>
		<SimpleData name="wheelchair_boarding">0</SimpleData>
		<SimpleData name="agency_name">Department of State Growth</SimpleData>
	</SchemaData></ExtendedData>
      <Point><coordinates>147.250681,-42.928126</coordinates></Point>
  </Placemark>
  <Placemark>
	<ExtendedData><SchemaData schemaUrl="#HCC_Bus_Stops">
		<SimpleData name="stop_id">7054035</SimpleData>
		<SimpleData name="stop_name">Fern Tree Park, Huon Rd</SimpleData>
		<SimpleData name="location_type">0</SimpleData>
		<SimpleData name="wheelchair_boarding">0</SimpleData>
		<SimpleData name="agency_name">Department of State Growth</SimpleData>
	</SchemaData></ExtendedData>
      <Point><coordinates>147.259312,-42.922624</coordinates></Point>
  </Placemark>
  <Placemark>
	<ExtendedData><SchemaData schemaUrl="#HCC_Bus_Stops">
		<SimpleData name="stop_id">7054036</SimpleData>
		<SimpleData name="stop_name">Huon Rd opp Clegg Rd</SimpleData>
		<SimpleData name="location_type">0</SimpleData>
		<SimpleData name="wheelchair_boarding">0</SimpleData>
		<SimpleData name="agency_name">Department of State Growth</SimpleData>
	</SchemaData></ExtendedData>
      <Point><coordinates>147.256142,-42.924733</coordinates></Point>
  </Placemark>
  <Placemark>
	<ExtendedData><SchemaData schemaUrl="#HCC_Bus_Stops">
		<SimpleData name="stop_id">7054037</SimpleData>
		<SimpleData name="stop_name">Huon Rd before Clegg Rd</SimpleData>
		<SimpleData name="location_type">0</SimpleData>
		<SimpleData name="wheelchair_boarding">0</SimpleData>
		<SimpleData name="agency_name">Department of State Growth</SimpleData>
	</SchemaData></ExtendedData>
      <Point><coordinates>147.25626,-42.925095</coordinates></Point>
  </Placemark>
  <Placemark>
	<ExtendedData><SchemaData schemaUrl="#HCC_Bus_Stops">
		<SimpleData name="stop_id">7054038</SimpleData>
		<SimpleData name="stop_name">Huon Rd at Westringa Rd</SimpleData>
		<SimpleData name="location_type">0</SimpleData>
		<SimpleData name="wheelchair_boarding">0</SimpleData>
		<SimpleData name="agency_name">Department of State Growth</SimpleData>
	</SchemaData></ExtendedData>
      <Point><coordinates>147.252181,-42.928202</coordinates></Point>
  </Placemark>
  <Placemark>
	<ExtendedData><SchemaData schemaUrl="#HCC_Bus_Stops">
		<SimpleData name="stop_id">7054039</SimpleData>
		<SimpleData name="stop_name">Huon Rd after Grays Rd</SimpleData>
		<SimpleData name="location_type">0</SimpleData>
		<SimpleData name="wheelchair_boarding">0</SimpleData>
		<SimpleData name="agency_name">Department of State Growth</SimpleData>
	</SchemaData></ExtendedData>
      <Point><coordinates>147.252369,-42.927634</coordinates></Point>
  </Placemark>
  <Placemark>
	<ExtendedData><SchemaData schemaUrl="#HCC_Bus_Stops">
		<SimpleData name="stop_id">7054040</SimpleData>
		<SimpleData name="stop_name">645 Huon Rd</SimpleData>
		<SimpleData name="location_type">0</SimpleData>
		<SimpleData name="wheelchair_boarding">0</SimpleData>
		<SimpleData name="agency_name">Department of State Growth</SimpleData>
	</SchemaData></ExtendedData>
      <Point><coordinates>147.267237,-42.916245</coordinates></Point>
  </Placemark>
  <Placemark>
	<ExtendedData><SchemaData schemaUrl="#HCC_Bus_Stops">
		<SimpleData name="stop_id">7054041</SimpleData>
		<SimpleData name="stop_name">opp 645 Huon Rd</SimpleData>
		<SimpleData name="location_type">0</SimpleData>
		<SimpleData name="wheelchair_boarding">0</SimpleData>
		<SimpleData name="agency_name">Department of State Growth</SimpleData>
	</SchemaData></ExtendedData>
      <Point><coordinates>147.268063,-42.916361</coordinates></Point>
  </Placemark>
  <Placemark>
	<ExtendedData><SchemaData schemaUrl="#HCC_Bus_Stops">
		<SimpleData name="stop_id">7054042</SimpleData>
		<SimpleData name="stop_name">Huon Rd at Chimney Pot Hill Rd</SimpleData>
		<SimpleData name="location_type">0</SimpleData>
		<SimpleData name="wheelchair_boarding">0</SimpleData>
		<SimpleData name="agency_name">Department of State Growth</SimpleData>
	</SchemaData></ExtendedData>
      <Point><coordinates>147.268405,-42.918957</coordinates></Point>
  </Placemark>
  <Placemark>
	<ExtendedData><SchemaData schemaUrl="#HCC_Bus_Stops">
		<SimpleData name="stop_id">7054043</SimpleData>
		<SimpleData name="stop_name">Huon Rd opp Chimney Pot Hill Rd</SimpleData>
		<SimpleData name="location_type">0</SimpleData>
		<SimpleData name="wheelchair_boarding">0</SimpleData>
		<SimpleData name="agency_name">Department of State Growth</SimpleData>
	</SchemaData></ExtendedData>
      <Point><coordinates>147.26848,-42.918677</coordinates></Point>
  </Placemark>
  <Placemark>
	<ExtendedData><SchemaData schemaUrl="#HCC_Bus_Stops">
		<SimpleData name="stop_id">7054044</SimpleData>
		<SimpleData name="stop_name">Huon Rd at Pillinger Dr</SimpleData>
		<SimpleData name="location_type">0</SimpleData>
		<SimpleData name="wheelchair_boarding">0</SimpleData>
		<SimpleData name="agency_name">Department of State Growth</SimpleData>
	</SchemaData></ExtendedData>
      <Point><coordinates>147.260679,-42.920236</coordinates></Point>
  </Placemark>
  <Placemark>
	<ExtendedData><SchemaData schemaUrl="#HCC_Bus_Stops">
		<SimpleData name="stop_id">7054045</SimpleData>
		<SimpleData name="stop_name">Huon Rd opp Pillinger Dr</SimpleData>
		<SimpleData name="location_type">0</SimpleData>
		<SimpleData name="wheelchair_boarding">0</SimpleData>
		<SimpleData name="agency_name">Department of State Growth</SimpleData>
	</SchemaData></ExtendedData>
      <Point><coordinates>147.260373,-42.920647</coordinates></Point>
  </Placemark>
  <Placemark>
	<ExtendedData><SchemaData schemaUrl="#HCC_Bus_Stops">
		<SimpleData name="stop_id">7054046</SimpleData>
		<SimpleData name="stop_name">Huon Rd opp Browns Rd</SimpleData>
		<SimpleData name="location_type">0</SimpleData>
		<SimpleData name="wheelchair_boarding">0</SimpleData>
		<SimpleData name="agency_name">Department of State Growth</SimpleData>
	</SchemaData></ExtendedData>
      <Point><coordinates>147.250457,-42.928126</coordinates></Point>
  </Placemark>
  <Placemark>
	<ExtendedData><SchemaData schemaUrl="#HCC_Bus_Stops">
		<SimpleData name="stop_id">7054047</SimpleData>
		<SimpleData name="stop_name">832 Huon Rd</SimpleData>
		<SimpleData name="location_type">0</SimpleData>
		<SimpleData name="wheelchair_boarding">0</SimpleData>
		<SimpleData name="agency_name">Department of State Growth</SimpleData>
	</SchemaData></ExtendedData>
      <Point><coordinates>147.247516,-42.930339</coordinates></Point>
  </Placemark>
  <Placemark>
	<ExtendedData><SchemaData schemaUrl="#HCC_Bus_Stops">
		<SimpleData name="stop_id">7054048</SimpleData>
		<SimpleData name="stop_name">833 Huon Rd</SimpleData>
		<SimpleData name="location_type">0</SimpleData>
		<SimpleData name="wheelchair_boarding">0</SimpleData>
		<SimpleData name="agency_name">Department of State Growth</SimpleData>
	</SchemaData></ExtendedData>
      <Point><coordinates>147.247511,-42.930083</coordinates></Point>
  </Placemark>
  <Placemark>
	<ExtendedData><SchemaData schemaUrl="#HCC_Bus_Stops">
		<SimpleData name="stop_id">7054049</SimpleData>
		<SimpleData name="stop_name">Huon Rd after Menuggana Rd</SimpleData>
		<SimpleData name="location_type">0</SimpleData>
		<SimpleData name="wheelchair_boarding">0</SimpleData>
		<SimpleData name="agency_name">Department of State Growth</SimpleData>
	</SchemaData></ExtendedData>
      <Point><coordinates>147.247118,-42.93252</coordinates></Point>
  </Placemark>
  <Placemark>
	<ExtendedData><SchemaData schemaUrl="#HCC_Bus_Stops">
		<SimpleData name="stop_id">7054050</SimpleData>
		<SimpleData name="stop_name">Huon Rd before Menuggana Rd</SimpleData>
		<SimpleData name="location_type">0</SimpleData>
		<SimpleData name="wheelchair_boarding">0</SimpleData>
		<SimpleData name="agency_name">Department of State Growth</SimpleData>
	</SchemaData></ExtendedData>
      <Point><coordinates>147.247541,-42.931984</coordinates></Point>
  </Placemark>
  <Placemark>
	<ExtendedData><SchemaData schemaUrl="#HCC_Bus_Stops">
		<SimpleData name="stop_id">7150004</SimpleData>
		<SimpleData name="stop_name">Gordon Recreation Reserve, Channel Hwy</SimpleData>
		<SimpleData name="location_type">0</SimpleData>
		<SimpleData name="wheelchair_boarding">0</SimpleData>
		<SimpleData name="agency_name">Department of State Growth</SimpleData>
	</SchemaData></ExtendedData>
      <Point><coordinates>147.241236,-43.261364</coordinates></Point>
  </Placemark>
  <Placemark>
	<ExtendedData><SchemaData schemaUrl="#HCC_Bus_Stops">
		<SimpleData name="stop_id">7190006</SimpleData>
		<SimpleData name="stop_name">Orford, Tasman Hwy at Alma Rd</SimpleData>
		<SimpleData name="location_type">0</SimpleData>
		<SimpleData name="wheelchair_boarding">0</SimpleData>
		<SimpleData name="agency_name">Department of State Growth</SimpleData>
	</SchemaData></ExtendedData>
      <Point><coordinates>147.876291,-42.552494</coordinates></Point>
  </Placemark>
  <Placemark>
	<ExtendedData><SchemaData schemaUrl="#HCC_Bus_Stops">
		<SimpleData name="stop_id">7190008</SimpleData>
		<SimpleData name="stop_name">Orford, Prosser River Rd before Tasman Hwy</SimpleData>
		<SimpleData name="location_type">0</SimpleData>
		<SimpleData name="wheelchair_boarding">0</SimpleData>
		<SimpleData name="agency_name">Department of State Growth</SimpleData>
	</SchemaData></ExtendedData>
      <Point><coordinates>147.870856,-42.559</coordinates></Point>
  </Placemark>
  <Placemark>
	<ExtendedData><SchemaData schemaUrl="#HCC_Bus_Stops">
		<SimpleData name="stop_id">7190017</SimpleData>
		<SimpleData name="stop_name">Orford, Tasman Hwy opp Alma Rd</SimpleData>
		<SimpleData name="location_type">0</SimpleData>
		<SimpleData name="wheelchair_boarding">0</SimpleData>
		<SimpleData name="agency_name">Department of State Growth</SimpleData>
	</SchemaData></ExtendedData>
      <Point><coordinates>147.876151,-42.55268</coordinates></Point>
  </Placemark>
  <Placemark>
	<ExtendedData><SchemaData schemaUrl="#HCC_Bus_Stops">
		<SimpleData name="stop_id">7190019</SimpleData>
		<SimpleData name="stop_name">Orford, Prosser River Rd after Tasman Hwy</SimpleData>
		<SimpleData name="location_type">0</SimpleData>
		<SimpleData name="wheelchair_boarding">2</SimpleData>
		<SimpleData name="agency_name">Department of State Growth</SimpleData>
	</SchemaData></ExtendedData>
      <Point><coordinates>147.870887,-42.559118</coordinates></Point>
  </Placemark>
</Folder>
</Document></kml>
